metric,region,n,OOBmse,OOBr2
Zero_Flow_Days_sum,National,10,3325.1119688116287,0.635198351002092
Zero_Flow_Days_sum,National,12,3287.0948868583614,0.6393692463935026
Zero_Flow_Days_sum,National,14,3603.1246360018413,0.6083134622269835
Zero_Flow_Days_sum,National,16,3638.499025731952,0.6044680020669944
Zero_Flow_Days_sum,National,18,3597.6235320188957,0.608911473284242
Zero_Flow_Days_sum,National,20,3592.1870544245276,0.6095024589707603
Zero_Flow_Days_sum,National,22,3548.9700532086345,0.614200469528055
Zero_Flow_Days_sum,National,24,3546.5214770208954,0.6144666480331964
Zero_Flow_Days_sum,National,26,3517.6119758901773,0.6176093265554694
Zero_Flow_Days_sum,National,28,3512.1157783618755,0.6182068042444916
Zero_Flow_Days_sum,National,30,3471.107348650388,0.6226647265968597
Zero_Flow_Days_sum,National,32,3470.3200716101205,0.6227503094865242
Zero_Flow_Days_sum,National,34,3465.760405332274,0.6232459792393619
Zero_Flow_Days_sum,National,36,3495.8686332467623,0.619972990169688
Zero_Flow_Days_sum,National,38,3556.4217425295706,0.61339041528749
Zero_Flow_Days_sum,National,40,3565.4237025161137,0.6124118350560237
Zero_Flow_Days_sum,National,42,3577.0829413950905,0.6111443887778838
Zero_Flow_Days_sum,National,44,3554.836418413246,0.6135627518500854
Zero_Flow_Days_sum,National,46,3553.061775247969,0.6137556688061752
Zero_Flow_Days_sum,National,48,3556.9684472573845,0.6133309844035617
Zero_Flow_Days_sum,National,50,3553.263553865751,0.6137337339645641
Zero_Flow_Days_sum,Humid,10,3046.610891297651,0.30218733179056334
Zero_Flow_Days_sum,Humid,12,2610.6699317678135,0.4020376687732842
Zero_Flow_Days_sum,Humid,14,2637.762138518414,0.39583231936869845
Zero_Flow_Days_sum,Humid,16,2524.7969416908604,0.4320887085131139
Zero_Flow_Days_sum,Humid,18,2539.401511084637,0.4288036523055937
Zero_Flow_Days_sum,Humid,20,2548.5493346523413,0.42674600077297187
Zero_Flow_Days_sum,Humid,22,2548.7343866220353,0.4267043763946443
Zero_Flow_Days_sum,Humid,24,2576.337332011233,0.4204955506051442
Zero_Flow_Days_sum,Humid,26,2534.281573037577,0.429955297644126
Zero_Flow_Days_sum,Humid,28,2599.4055582593155,0.4153067348455344
Zero_Flow_Days_sum,Humid,30,2576.3805850113786,0.42048582155851566
Zero_Flow_Days_sum,Humid,32,2513.640696991371,0.43459812114381347
Zero_Flow_Days_sum,Humid,34,2549.644200956233,0.4264997287158486
Zero_Flow_Days_sum,Humid,36,2555.7931201399656,0.425116631098286
Zero_Flow_Days_sum,Humid,38,2552.699785801256,0.42581242546902887
Zero_Flow_Days_sum,Humid,40,2560.660641528104,0.42402176271016667
Zero_Flow_Days_sum,Humid,42,2555.1391021275876,0.42526374162742686
Zero_Flow_Days_sum,Humid,44,2563.8123698508225,0.4233128335790294
Zero_Flow_Days_sum,Humid,46,2554.477194304721,0.42541262683887593
Zero_Flow_Days_sum,Humid,48,2603.0221438670383,0.4144932437606318
Zero_Flow_Days_sum,Humid,50,2598.3180176166065,0.4155513591164002
Zero_Flow_Days_sum,Dry_sub_humid,10,5559.107487474129,0.4930151124041736
Zero_Flow_Days_sum,Dry_sub_humid,12,4536.496908081311,0.5862761459092725
Zero_Flow_Days_sum,Dry_sub_humid,14,4490.778014256232,0.5904456620229903
Zero_Flow_Days_sum,Dry_sub_humid,16,4503.604990795157,0.5892758549499244
Zero_Flow_Days_sum,Dry_sub_humid,18,4349.367259540672,0.603342177470092
Zero_Flow_Days_sum,Dry_sub_humid,20,4375.520795494674,0.6009570018792711
Zero_Flow_Days_sum,Dry_sub_humid,22,4362.726803320684,0.602123800812166
Zero_Flow_Days_sum,Dry_sub_humid,24,4294.042840832066,0.6083877075778453
Zero_Flow_Days_sum,Dry_sub_humid,26,4363.416016526026,0.6020609452764119
Zero_Flow_Days_sum,Dry_sub_humid,28,4378.796138011044,0.6006582940091245
Zero_Flow_Days_sum,Dry_sub_humid,30,4393.227842752181,0.5993421373738216
Zero_Flow_Days_sum,Dry_sub_humid,32,4358.385804308913,0.6025196954591026
Zero_Flow_Days_sum,Dry_sub_humid,34,4337.862674356516,0.6043913838111401
Zero_Flow_Days_sum,Dry_sub_humid,36,4333.230346030324,0.6048138473920394
Zero_Flow_Days_sum,Dry_sub_humid,38,4353.861701954355,0.6029322889426547
Zero_Flow_Days_sum,Dry_sub_humid,40,4286.145866556746,0.6091079035129556
Zero_Flow_Days_sum,Dry_sub_humid,42,4414.991499121417,0.5973573142879407
Zero_Flow_Days_sum,Dry_sub_humid,44,4349.923712370822,0.6032914295440659
Zero_Flow_Days_sum,Dry_sub_humid,46,4188.629423613744,0.6180013028536953
Zero_Flow_Days_sum,Dry_sub_humid,48,4138.244627541634,0.6225963444553757
Zero_Flow_Days_sum,Dry_sub_humid,50,4070.26785969354,0.6287957557968988
Zero_Flow_Days_sum,Semi_arid,10,6681.553866448913,0.5159991606302972
Zero_Flow_Days_sum,Semi_arid,12,6563.4225667643395,0.524556398863498
Zero_Flow_Days_sum,Semi_arid,14,6542.440235770805,0.5260763246196607
Zero_Flow_Days_sum,Semi_arid,16,6445.004724449504,0.5331343937764075
Zero_Flow_Days_sum,Semi_arid,18,6450.803784210566,0.5327143193673688
Zero_Flow_Days_sum,Semi_arid,20,6269.840716919821,0.545822988131299
Zero_Flow_Days_sum,Semi_arid,22,6054.543478186245,0.5614187681465266
Zero_Flow_Days_sum,Semi_arid,24,6078.800194641973,0.5596616512603068
Zero_Flow_Days_sum,Semi_arid,26,5973.401075328141,0.5672965911614699
Zero_Flow_Days_sum,Semi_arid,28,5995.435977503549,0.5657004188695902
Zero_Flow_Days_sum,Semi_arid,30,6021.8031912572205,0.5637904210092572
Zero_Flow_Days_sum,Semi_arid,32,5820.9538948186655,0.5783396157035059
Zero_Flow_Days_sum,Semi_arid,34,5916.892889109082,0.5713899517940348
Zero_Flow_Days_sum,Semi_arid,36,5878.287353838452,0.5741864736583766
Zero_Flow_Days_sum,Semi_arid,38,5879.589342488307,0.574092159729016
Zero_Flow_Days_sum,Semi_arid,40,5840.938795188306,0.5768919421911816
Zero_Flow_Days_sum,Semi_arid,42,5845.496944146545,0.576561757332112
Zero_Flow_Days_sum,Semi_arid,44,5817.4005299656765,0.578597015644569
Zero_Flow_Days_sum,Semi_arid,46,5858.332611550967,0.5756319625685307
Zero_Flow_Days_sum,Semi_arid,48,5910.164738767438,0.5718773280058937
Zero_Flow_Days_sum,Semi_arid,50,5905.801761964294,0.5721933749131074
hydro_doy,National,10,8315.715420749677,0.040027310915632386
hydro_doy,National,12,8110.673114461083,0.06369755504793784
hydro_doy,National,14,8116.700262743978,0.06300177633836301
hydro_doy,National,16,7924.675253953334,0.08516929347107238
hydro_doy,National,18,7860.678121998027,0.09255717241453976
hydro_doy,National,20,7811.597516856205,0.0982230758414796
hydro_doy,National,22,7685.9249814770155,0.11273081157170683
hydro_doy,National,24,7714.243257222133,0.10946172768152929
hydro_doy,National,26,7722.166372885763,0.10854707701532662
hydro_doy,National,28,7721.529335953596,0.10862061705678738
hydro_doy,National,30,7791.03487398255,0.10059684340991382
hydro_doy,National,32,7770.286810660681,0.10299201605984465
hydro_doy,National,34,7670.912333433706,0.11446388339814906
hydro_doy,National,36,7707.7315091520895,0.11021344896937446
hydro_doy,National,38,7674.352223362471,0.1140667798155961
hydro_doy,National,40,7636.961889653233,0.11838314916934478
hydro_doy,National,42,7620.7948423158305,0.12024948575276306
hydro_doy,National,44,7627.1360927666665,0.11951744684336785
hydro_doy,National,46,7601.027283691986,0.12253146817383231
hydro_doy,National,48,7597.201737879112,0.12297309217313801
hydro_doy,National,50,7634.493486913066,0.11866810351137391
hydro_doy,Humid,10,7854.7366073867015,0.06292229739612865
hydro_doy,Humid,12,7936.521842322618,0.05316523947153906
hydro_doy,Humid,14,7444.640440077403,0.11184716827562546
hydro_doy,Humid,16,7500.544442146126,0.10517776655747535
hydro_doy,Humid,18,7472.037040806431,0.10857872721215678
hydro_doy,Humid,20,7540.603196688744,0.100398718251684
hydro_doy,Humid,22,7575.872128452592,0.09619110045333812
hydro_doy,Humid,24,7560.145847881466,0.0980672609924752
hydro_doy,Humid,26,7408.973030820884,0.11610232482568716
hydro_doy,Humid,28,7509.722581681678,0.10408280560078775
hydro_doy,Humid,30,7592.14631215111,0.08879078415679764
hydro_doy,Humid,32,7526.070920769368,0.09672115102434953
hydro_doy,Humid,34,7474.073132548668,0.10296192430269546
hydro_doy,Humid,36,7527.526470911664,0.09654645593165101
hydro_doy,Humid,38,7689.624705217348,0.07709142979038053
hydro_doy,Humid,40,7479.684161838954,0.1022884887036617
hydro_doy,Humid,42,7565.251712186819,0.09201867339078873
hydro_doy,Humid,44,7516.279541170801,0.09789631216577188
hydro_doy,Humid,46,7490.6303607296295,0.10097472617887049
hydro_doy,Humid,48,7552.073916280651,0.09360027213513622
hydro_doy,Humid,50,7481.877751335151,0.10202521414564747
hydro_doy,Dry_sub_humid,10,10044.699515983863,0.16708644869995548
hydro_doy,Dry_sub_humid,12,9889.549643868995,0.1799515852589244
hydro_doy,Dry_sub_humid,14,9725.758213090641,0.19353328594245667
hydro_doy,Dry_sub_humid,16,9394.735896573937,0.22098188933479912
hydro_doy,Dry_sub_humid,18,9598.867949964933,0.2040551158406284
hydro_doy,Dry_sub_humid,20,9535.17025675505,0.209336973379188
hydro_doy,Dry_sub_humid,22,9797.505107887924,0.18758398294486445
hydro_doy,Dry_sub_humid,24,9874.75544242182,0.1811783308521009
hydro_doy,Dry_sub_humid,26,9677.544136948927,0.19753123105947512
hydro_doy,Dry_sub_humid,28,9818.189123763435,0.18586884979522633
hydro_doy,Dry_sub_humid,30,9974.022606006061,0.1729470278034766
hydro_doy,Dry_sub_humid,32,9844.77905114902,0.1836639943077828
hydro_doy,Dry_sub_humid,34,10101.80077066261,0.16235157248564136
hydro_doy,Dry_sub_humid,36,10020.190521784396,0.1691187517434647
hydro_doy,Dry_sub_humid,38,10047.689622996306,0.16683850692264912
hydro_doy,Dry_sub_humid,40,10211.547079374195,0.15325133134994784
hydro_doy,Dry_sub_humid,42,10188.772845468904,0.15513978684928942
hydro_doy,Dry_sub_humid,44,10087.624892822258,0.16352704625028858
hydro_doy,Dry_sub_humid,46,10246.889534612461,0.15032071009469528
hydro_doy,Dry_sub_humid,48,10356.586037951878,0.14122459885550498
hydro_doy,Dry_sub_humid,50,10263.184065544012,0.14896955612504492
hydro_doy,Semi_arid,10,6916.893009675678,0.1024446799631864
hydro_doy,Semi_arid,12,6879.234328197375,0.1073313754577011
hydro_doy,Semi_arid,14,6822.074138379072,0.11535009399875984
hydro_doy,Semi_arid,16,6893.936264883977,0.10603139968848097
hydro_doy,Semi_arid,18,6919.956070041728,0.10265729121060918
hydro_doy,Semi_arid,20,6982.45397143629,0.09455289928045774
hydro_doy,Semi_arid,22,6986.602328709693,0.09401496260642916
hydro_doy,Semi_arid,24,6998.9361850612495,0.09241557440854165
hydro_doy,Semi_arid,26,7026.894426887495,0.08879009988248732
hydro_doy,Semi_arid,28,7007.305770937792,0.0913302514981238
hydro_doy,Semi_arid,30,6980.187694030493,0.0948467779533283
hydro_doy,Semi_arid,32,6922.48933455115,0.10232879108518111
hydro_doy,Semi_arid,34,6914.664075207532,0.10334352865653396
hydro_doy,Semi_arid,36,6913.133501790806,0.10354200519046919
hydro_doy,Semi_arid,38,6967.93669826427,0.09643542123588078
hydro_doy,Semi_arid,40,6931.933768696822,0.10110408762847134
hydro_doy,Semi_arid,42,6929.762818589548,0.1013856047696482
hydro_doy,Semi_arid,44,6944.003285084511,0.09953897761628572
hydro_doy,Semi_arid,46,6920.529137155195,0.1025829789475382
hydro_doy,Semi_arid,48,6952.957204004911,0.0983778815374976
hydro_doy,Semi_arid,50,6954.1671723102045,0.09822097935117846
mean_dry_down_days,National,10,870.2206118646146,0.31519254332851443
mean_dry_down_days,National,12,828.4597489193665,0.348055647180611
mean_dry_down_days,National,14,828.272953485346,0.34820264313123017
mean_dry_down_days,National,16,780.3776092042216,0.3858931878694013
mean_dry_down_days,National,18,775.3767690793248,0.389828526288717
mean_dry_down_days,National,20,780.5078068268566,0.3857907307434659
mean_dry_down_days,National,22,786.5121316356729,0.3810657146437615
mean_dry_down_days,National,24,767.3317215748036,0.3961594594397576
mean_dry_down_days,National,26,674.80622428554625,0.46897105412280604
mean_dry_down_days,National,28,676.9656835126208,0.4672716990846508
mean_dry_down_days,National,30,667.9587865243263,0.47435954570074035
mean_dry_down_days,National,32,671.6526066256732,0.471452747683643
mean_dry_down_days,National,34,677.0599454578418,0.46719752101751755
mean_dry_down_days,National,36,676.5902984045882,0.4675671029369606
mean_dry_down_days,National,38,665.8567084814458,0.4760137454503711
mean_dry_down_days,National,40,671.2643810851633,0.4717582561275786
mean_dry_down_days,National,42,670.6462732099513,0.4722446671321002
mean_dry_down_days,National,44,671.7210724449587,0.4710231592917684
mean_dry_down_days,National,46,670.6209895590878,0.4718894688261218
mean_dry_down_days,National,48,667.8574462665713,0.47406574475373997
mean_dry_down_days,National,50,669.4531826675554,0.47280911066167064
mean_dry_down_days,Humid,10,710.5155021665778,0.25077047994885804
mean_dry_down_days,Humid,12,681.7947404203537,0.28105615629653846
mean_dry_down_days,Humid,14,667.8924963803227,0.29571589503268836
mean_dry_down_days,Humid,16,676.7465224826913,0.28637943761976803
mean_dry_down_days,Humid,18,689.5245994244145,0.27290511872731504
mean_dry_down_days,Humid,20,673.795297251042,0.28949146692402516
mean_dry_down_days,Humid,22,657.0233953948452,0.3071772231668455
mean_dry_down_days,Humid,24,651.6671269746818,0.3128253397884634
mean_dry_down_days,Humid,26,662.5694924474349,0.3013289346774347
mean_dry_down_days,Humid,28,651.7665033009429,0.31327541589493946
mean_dry_down_days,Humid,30,655.3549368112792,0.3094945135357451
mean_dry_down_days,Humid,32,659.7062180224858,0.30490984745524496
mean_dry_down_days,Humid,34,652.4280891546372,0.3125783452907783
mean_dry_down_days,Humid,36,656.4503719614611,0.30834032373907283
mean_dry_down_days,Humid,38,656.5580640542798,0.30822685548429485
mean_dry_down_days,Humid,40,656.6977029626071,0.30807972691791363
mean_dry_down_days,Humid,42,650.5561880565597,0.3145506474826716
mean_dry_down_days,Humid,44,653.1175518868623,0.3118519026067108
mean_dry_down_days,Humid,46,642.2793306267441,0.3232714415820923
mean_dry_down_days,Humid,48,644.9089906980903,0.32050073733496254
mean_dry_down_days,Humid,50,641.468033054803,0.324126253826746
mean_dry_down_days,Dry_sub_humid,10,755.7923843656392,0.334234683027671
mean_dry_down_days,Dry_sub_humid,12,752.6876036711203,0.33881991786712307
mean_dry_down_days,Dry_sub_humid,14,760.4594789115234,0.33199290346604426
mean_dry_down_days,Dry_sub_humid,16,764.517861303458,0.32842791635832735
mean_dry_down_days,Dry_sub_humid,18,698.1665790093741,0.3867125832810374
mean_dry_down_days,Dry_sub_humid,20,687.2526997735522,0.39564627377290373
mean_dry_down_days,Dry_sub_humid,22,696.7826664223352,0.3872658471017394
mean_dry_down_days,Dry_sub_humid,24,690.2277770144079,0.3930300614001957
mean_dry_down_days,Dry_sub_humid,26,689.9087898408775,0.3933105711559307
mean_dry_down_days,Dry_sub_humid,28,704.2961593912604,0.3806586595646847
mean_dry_down_days,Dry_sub_humid,30,702.0262201666956,0.38265479028796423
mean_dry_down_days,Dry_sub_humid,32,693.5230492093403,0.3901322771781822
mean_dry_down_days,Dry_sub_humid,34,690.8578964816033,0.39247594928380347
mean_dry_down_days,Dry_sub_humid,36,685.4115658961962,0.3972653232428144
mean_dry_down_days,Dry_sub_humid,38,680.9125792056373,0.4012216254466199
mean_dry_down_days,Dry_sub_humid,40,694.6277929665521,0.38916079171669615
mean_dry_down_days,Dry_sub_humid,42,691.2550805360473,0.3921266750454042
mean_dry_down_days,Dry_sub_humid,44,688.3974566704237,0.3946396017052983
mean_dry_down_days,Dry_sub_humid,46,694.9207666012528,0.3889031576501061
mean_dry_down_days,Dry_sub_humid,48,682.4731436057295,0.39984930212140946
mean_dry_down_days,Dry_sub_humid,50,695.2320231744793,0.38862944600094984
mean_dry_down_days,Semi_arid,10,916.2432601799477,0.3878963137019392
mean_dry_down_days,Semi_arid,12,912.2244855387115,0.390581088454682
mean_dry_down_days,Semi_arid,14,903.8230248255934,0.3967493048083558
mean_dry_down_days,Semi_arid,16,909.8397159758363,0.3927335041267591
mean_dry_down_days,Semi_arid,18,910.2670448548581,0.39244828629509876
mean_dry_down_days,Semi_arid,20,911.1808697182937,0.3918383599389327
mean_dry_down_days,Semi_arid,22,905.2636647335913,0.3957877592378739
mean_dry_down_days,Semi_arid,24,905.9503157391082,0.3953294585694306
mean_dry_down_days,Semi_arid,26,908.9257596549832,0.3933435182233084
mean_dry_down_days,Semi_arid,28,730.1292784719794,0.5126800460709806
mean_dry_down_days,Semi_arid,30,727.9455675161349,0.5141375494936944
mean_dry_down_days,Semi_arid,32,729.0113847359169,0.5134261768453766
mean_dry_down_days,Semi_arid,34,704.7967512728356,0.5295880736649817
mean_dry_down_days,Semi_arid,36,694.296259199252,0.5365965575929785
mean_dry_down_days,Semi_arid,38,685.389511528794,0.5426813179792296
mean_dry_down_days,Semi_arid,40,663.7542810384513,0.5571171897377419
mean_dry_down_days,Semi_arid,42,667.5138782858082,0.5546086394474768
mean_dry_down_days,Semi_arid,44,668.6644336536561,0.5538409439173213
mean_dry_down_days,Semi_arid,46,669.4835758376819,0.5532943802222472
mean_dry_down_days,Semi_arid,48,671.4147314784256,0.5520058376671795
mean_dry_down_days,Semi_arid,50,674.4027777228383,0.5500120963750725
