predictor,IncMSE,oobMSE,metric,region_rf
pet_mam,2605.8310728403544,3220.317469277457,Zero_Flow_Days_sum,National
sinuosity,3679.422285195885,3220.317469277457,Zero_Flow_Days_sum,National
evap_surface.mm.day._jjas,1157.5493240534736,3220.317469277457,Zero_Flow_Days_sum,National
pet_mam.previous,1463.9579570127314,3220.317469277457,Zero_Flow_Days_sum,National
pet,1642.7525496205571,3220.317469277457,Zero_Flow_Days_sum,National
urban_pct,5462.892120450809,3220.317469277457,Zero_Flow_Days_sum,National
elev_max,1492.223163588562,3220.317469277457,Zero_Flow_Days_sum,National
Total_Dams_So_Far,2979.6813358812924,3220.317469277457,Zero_Flow_Days_sum,National
org_carb_top_mean,3468.6248121198255,3220.317469277457,Zero_Flow_Days_sum,National
wind_v.m.s.,1579.5639403208572,3220.317469277457,Zero_Flow_Days_sum,National
wind_v.m.s..previous,1541.7826186927396,3220.317469277457,Zero_Flow_Days_sum,National
elev_min,2853.634471503108,3220.317469277457,Zero_Flow_Days_sum,National
elev_max,630.9191165164843,1828.3431716210453,Zero_Flow_Days_sum,Humid
sinuosity,1148.9020230025146,1828.3431716210453,Zero_Flow_Days_sum,Humid
elev_mean,278.81649557616305,1828.3431716210453,Zero_Flow_Days_sum,Humid
slope_max,205.50005461127998,1828.3431716210453,Zero_Flow_Days_sum,Humid
lai_max,526.0831792685706,1828.3431716210453,Zero_Flow_Days_sum,Humid
soil_conductivity_top,325.579615899598,1828.3431716210453,Zero_Flow_Days_sum,Humid
evap_surface.mm.day._on.previous,234.98950881303475,1828.3431716210453,Zero_Flow_Days_sum,Humid
evap_canopy.mm.day._jjas.previous,326.23687236053615,1828.3431716210453,Zero_Flow_Days_sum,Humid
evap_surface.mm.day._on,224.14712070687412,1828.3431716210453,Zero_Flow_Days_sum,Humid
evap_surface.mm.day..previous,384.60043918258924,1828.3431716210453,Zero_Flow_Days_sum,Humid
urban_pct,518.8865537888194,1828.3431716210453,Zero_Flow_Days_sum,Humid
evap_canopy.mm.day._jjas,255.36793328951381,1828.3431716210453,Zero_Flow_Days_sum,Humid
srad_lw.w.m2.,286.4832893900907,1828.3431716210453,Zero_Flow_Days_sum,Humid
evap_canopy.mm.day..previous,827.9547016615065,1828.3431716210453,Zero_Flow_Days_sum,Humid
slope_mean,231.70331190371726,1828.3431716210453,Zero_Flow_Days_sum,Humid
pet_mam,183.8245627555587,1828.3431716210453,Zero_Flow_Days_sum,Humid
org_carb_sub_mean,286.597611134857,1828.3431716210453,Zero_Flow_Days_sum,Humid
dpsbar,551.9777787803579,1828.3431716210453,Zero_Flow_Days_sum,Humid
lai_min,437.19943625862936,1828.3431716210453,Zero_Flow_Days_sum,Humid
evap_surface.mm.day.,279.47890388397775,1828.3431716210453,Zero_Flow_Days_sum,Humid
cwc_lon,753.9012417016029,1828.3431716210453,Zero_Flow_Days_sum,Humid
elev_min,186.8981464194479,1828.3431716210453,Zero_Flow_Days_sum,Humid
evap_canopy.mm.day.,609.507805942563,1828.3431716210453,Zero_Flow_Days_sum,Humid
soil_awsc_min,41.77623790522142,1828.3431716210453,Zero_Flow_Days_sum,Humid
rel_hum...,343.1670322713568,1828.3431716210453,Zero_Flow_Days_sum,Humid
tmax,200.55265403025044,1828.3431716210453,Zero_Flow_Days_sum,Humid
soil_awc_top,115.61915522196554,1828.3431716210453,Zero_Flow_Days_sum,Humid
aet_on.previous,343.05857498588415,1828.3431716210453,Zero_Flow_Days_sum,Humid
aet_mam.previous,292.25361653701555,1828.3431716210453,Zero_Flow_Days_sum,Humid
aet_jjas,413.08381621138176,1828.3431716210453,Zero_Flow_Days_sum,Humid
Total_Dams_So_Far,253.78284941013186,1828.3431716210453,Zero_Flow_Days_sum,Humid
srad_sw.w.m2.,193.67852966291738,1828.3431716210453,Zero_Flow_Days_sum,Humid
soil_conductivity_top,2196.0495165802704,3695.852613388356,Zero_Flow_Days_sum,Dry_sub_humid
wind_u.m.s..previous,1004.2910456746681,3695.852613388356,Zero_Flow_Days_sum,Dry_sub_humid
sinuosity,540.8178128897355,3695.852613388356,Zero_Flow_Days_sum,Dry_sub_humid
tmin_djf,907.7954419544914,3695.852613388356,Zero_Flow_Days_sum,Dry_sub_humid
cwc_lat,606.5483509646957,3695.852613388356,Zero_Flow_Days_sum,Dry_sub_humid
tmin_on,728.4128492869728,3695.852613388356,Zero_Flow_Days_sum,Dry_sub_humid
slope_max,1104.739950675316,3695.852613388356,Zero_Flow_Days_sum,Dry_sub_humid
tmin_on.previous,721.9469545338047,3695.852613388356,Zero_Flow_Days_sum,Dry_sub_humid
wind_u.m.s.,698.1717279378868,3695.852613388356,Zero_Flow_Days_sum,Dry_sub_humid
org_carb_top_major,232.99248520090526,3695.852613388356,Zero_Flow_Days_sum,Dry_sub_humid
urban_pct,883.7386950092297,3695.852613388356,Zero_Flow_Days_sum,Dry_sub_humid
wind_v.m.s.,623.3949096140649,3695.852613388356,Zero_Flow_Days_sum,Dry_sub_humid
lai_max,448.14804496007133,3695.852613388356,Zero_Flow_Days_sum,Dry_sub_humid
wind_v.m.s..previous,630.5843538115381,3695.852613388356,Zero_Flow_Days_sum,Dry_sub_humid
soil_awc_top,270.189965979428,3695.852613388356,Zero_Flow_Days_sum,Dry_sub_humid
lai_min,292.46382433825846,3695.852613388356,Zero_Flow_Days_sum,Dry_sub_humid
Total_Dams_So_Far,399.35692749189815,3695.852613388356,Zero_Flow_Days_sum,Dry_sub_humid
srad_sw.w.m2.,259.9762303503714,3695.852613388356,Zero_Flow_Days_sum,Dry_sub_humid
soil_depth,328.1537822840866,3695.852613388356,Zero_Flow_Days_sum,Dry_sub_humid
dpsbar,180.11440589331653,3695.852613388356,Zero_Flow_Days_sum,Dry_sub_humid
cwc_lon,320.5227201011824,3695.852613388356,Zero_Flow_Days_sum,Dry_sub_humid
geol_porosity,294.6538459952035,3695.852613388356,Zero_Flow_Days_sum,Dry_sub_humid
geol_permeability,970.6430785540643,3695.852613388356,Zero_Flow_Days_sum,Dry_sub_humid
evap_canopy.mm.day._jjas.previous,320.9017777408713,3695.852613388356,Zero_Flow_Days_sum,Dry_sub_humid
tmin,199.74501717589732,3695.852613388356,Zero_Flow_Days_sum,Dry_sub_humid
lai_mean,251.39058041288035,3695.852613388356,Zero_Flow_Days_sum,Dry_sub_humid
org_carb_top_mean,145.4227749544292,3695.852613388356,Zero_Flow_Days_sum,Dry_sub_humid
elev_max,195.63555299943604,3695.852613388356,Zero_Flow_Days_sum,Dry_sub_humid
silt_frac_sub,19.642094907401738,3695.852613388356,Zero_Flow_Days_sum,Dry_sub_humid
wind.m.s.,518.6635614663145,3695.852613388356,Zero_Flow_Days_sum,Dry_sub_humid
evap_canopy.mm.day..previous,421.5876909126829,3695.852613388356,Zero_Flow_Days_sum,Dry_sub_humid
org_carb_sub_mean,386.95561415507416,3695.852613388356,Zero_Flow_Days_sum,Dry_sub_humid
slope_mean,286.75928098573974,3695.852613388356,Zero_Flow_Days_sum,Dry_sub_humid
evap_canopy.mm.day._on,315.27272230314355,3695.852613388356,Zero_Flow_Days_sum,Dry_sub_humid
gravel_frac_top,235.26784492058619,3695.852613388356,Zero_Flow_Days_sum,Dry_sub_humid
tmax_jjas,215.32772779324895,3695.852613388356,Zero_Flow_Days_sum,Dry_sub_humid
elev_min,434.16364976766454,3695.852613388356,Zero_Flow_Days_sum,Dry_sub_humid
gravel_frac_sub,83.23790556491802,3695.852613388356,Zero_Flow_Days_sum,Dry_sub_humid
soil_awsc_min,164.03145969808625,3695.852613388356,Zero_Flow_Days_sum,Dry_sub_humid
srad_sw.w.m2..previous,232.5193410157723,3695.852613388356,Zero_Flow_Days_sum,Dry_sub_humid
p.previous,49.582735632855055,3695.852613388356,Zero_Flow_Days_sum,Dry_sub_humid
rel_hum...,517.1970854257469,3695.852613388356,Zero_Flow_Days_sum,Dry_sub_humid
org_carb_sub_major,135.57139600977092,3695.852613388356,Zero_Flow_Days_sum,Dry_sub_humid
res_store_sum,31.924016078261513,3695.852613388356,Zero_Flow_Days_sum,Dry_sub_humid
tavg,219.38344617536504,3695.852613388356,Zero_Flow_Days_sum,Dry_sub_humid
pet,303.7220045413149,3695.852613388356,Zero_Flow_Days_sum,Dry_sub_humid
sand_frac_sub,66.52062428554805,3695.852613388356,Zero_Flow_Days_sum,Dry_sub_humid
evap_surface.mm.day._jjas,393.9942182259505,3695.852613388356,Zero_Flow_Days_sum,Dry_sub_humid
aet_jjas,144.14664535700823,3695.852613388356,Zero_Flow_Days_sum,Dry_sub_humid
sm_lvl2.kg.m2.,312.53308389880715,3695.852613388356,Zero_Flow_Days_sum,Dry_sub_humid
pet_mam,2533.2272448145304,5554.38282135195,Zero_Flow_Days_sum,Semi_arid
geol_permeability,1812.1099388613131,5554.38282135195,Zero_Flow_Days_sum,Semi_arid
pet,907.2572260924957,5554.38282135195,Zero_Flow_Days_sum,Semi_arid
pet_mam.previous,1727.3677656661655,5554.38282135195,Zero_Flow_Days_sum,Semi_arid
evap_surface.mm.day._jjas.previous,761.0644964829552,5554.38282135195,Zero_Flow_Days_sum,Semi_arid
evap_surface.mm.day._jjas,890.2223528116357,5554.38282135195,Zero_Flow_Days_sum,Semi_arid
cwc_lon,988.0566695875117,5554.38282135195,Zero_Flow_Days_sum,Semi_arid
wind_v.m.s.,1193.8894810256406,5554.38282135195,Zero_Flow_Days_sum,Semi_arid
soil_conductivity_top,818.1075059303421,5554.38282135195,Zero_Flow_Days_sum,Semi_arid
org_carb_top_mean,729.3208059362759,5554.38282135195,Zero_Flow_Days_sum,Semi_arid
slope_mean,830.2958882368462,5554.38282135195,Zero_Flow_Days_sum,Semi_arid
pet_djf,574.4360249785775,5554.38282135195,Zero_Flow_Days_sum,Semi_arid
elev_min,790.8835956773142,5554.38282135195,Zero_Flow_Days_sum,Semi_arid
elev_mean,975.154540577635,5554.38282135195,Zero_Flow_Days_sum,Semi_arid
pet.previous,356.0115146697675,5554.38282135195,Zero_Flow_Days_sum,Semi_arid
tmin,407.2517792174713,5554.38282135195,Zero_Flow_Days_sum,Semi_arid
soil_depth,998.0973682422964,5554.38282135195,Zero_Flow_Days_sum,Semi_arid
dpsbar,562.6250677406967,5554.38282135195,Zero_Flow_Days_sum,Semi_arid
wind_v.m.s..previous,974.5696291119009,5554.38282135195,Zero_Flow_Days_sum,Semi_arid
tmin_jjas,827.3470042698209,5554.38282135195,Zero_Flow_Days_sum,Semi_arid
tavg_on.previous,504.56363299455506,5554.38282135195,Zero_Flow_Days_sum,Semi_arid
Total_Dams_So_Far,972.4239973956235,5554.38282135195,Zero_Flow_Days_sum,Semi_arid
res_store_sum,142.80716071774503,5554.38282135195,Zero_Flow_Days_sum,Semi_arid
tavg_on,465.87370933465877,5554.38282135195,Zero_Flow_Days_sum,Semi_arid
tmax_djf,631.3382799808869,5554.38282135195,Zero_Flow_Days_sum,Semi_arid
tmin_on,346.147402918925,5554.38282135195,Zero_Flow_Days_sum,Semi_arid
lai_min,793.7354818516217,5554.38282135195,Zero_Flow_Days_sum,Semi_arid
tmin_on.previous,503.20266248376913,5554.38282135195,Zero_Flow_Days_sum,Semi_arid
elev_max,572.5444999031116,5554.38282135195,Zero_Flow_Days_sum,Semi_arid
silt_frac_top,44.635038172945535,5554.38282135195,Zero_Flow_Days_sum,Semi_arid
slope_max,689.096730018308,5554.38282135195,Zero_Flow_Days_sum,Semi_arid
evap_canopy.mm.day.,961.8497070952462,5554.38282135195,Zero_Flow_Days_sum,Semi_arid
evap_canopy.mm.day._mam,507.7869201912598,5554.38282135195,Zero_Flow_Days_sum,Semi_arid
pet_jjas,384.7346985807072,5554.38282135195,Zero_Flow_Days_sum,Semi_arid
tavg,523.7028978412898,5554.38282135195,Zero_Flow_Days_sum,Semi_arid
evap_surface.mm.day..previous,681.4396203570649,5554.38282135195,Zero_Flow_Days_sum,Semi_arid
sand_frac_top,61.41957487388118,5554.38282135195,Zero_Flow_Days_sum,Semi_arid
cwc_lat,639.3174942404548,5554.38282135195,Zero_Flow_Days_sum,Semi_arid
geol_porosity,332.8883380876596,5554.38282135195,Zero_Flow_Days_sum,Semi_arid
evap_canopy.mm.day..previous,813.1415486627565,5554.38282135195,Zero_Flow_Days_sum,Semi_arid
soil_awc_top,656.9181734937229,5554.38282135195,Zero_Flow_Days_sum,Semi_arid
soil_awsc_max,5.801142615127481,5554.38282135195,Zero_Flow_Days_sum,Semi_arid
pet_on,447.43427625830884,5554.38282135195,Zero_Flow_Days_sum,Semi_arid
tmax,603.7149943576744,5554.38282135195,Zero_Flow_Days_sum,Semi_arid
pet,672.3034170380186,7620.858008233719,hydro_doy,National
sm_lvl1.kg.m2..previous,1123.6128753345365,7620.858008233719,hydro_doy,National
aet_jjas,480.56783574010825,7620.858008233719,hydro_doy,National
aet_on.previous,606.3373170705432,7620.858008233719,hydro_doy,National
pet_djf,812.090908537512,7620.858008233719,hydro_doy,National
pet_on,314.9977264964462,7620.858008233719,hydro_doy,National
pet.previous,837.495033866998,7620.858008233719,hydro_doy,National
lai_mean,935.8201261903646,7620.858008233719,hydro_doy,National
aet_on,566.5930789633334,7620.858008233719,hydro_doy,National
pet_jjas,660.2327792404258,7620.858008233719,hydro_doy,National
evap_surface.mm.day._mam.previous,494.95376722930655,7620.858008233719,hydro_doy,National
wind_u.m.s..previous,322.69345546529814,7620.858008233719,hydro_doy,National
p.previous,625.87643539347,7620.858008233719,hydro_doy,National
aet_mam.previous,682.9601503253705,7620.858008233719,hydro_doy,National
lai_min,688.4421125397416,7620.858008233719,hydro_doy,National
sm_lvl2.kg.m2.,935.3331476956647,7620.858008233719,hydro_doy,National
p_on.previous,371.4650903722844,7620.858008233719,hydro_doy,National
p,805.1489715342152,7620.858008233719,hydro_doy,National
gravel_frac_top,276.0106425325413,7620.858008233719,hydro_doy,National
pet_on.previous,362.47350349827144,7620.858008233719,hydro_doy,National
soil_awc_top,569.0343228971623,7620.858008233719,hydro_doy,National
elev_min,786.9529467968541,7620.858008233719,hydro_doy,National
carb_rocks_frac,44.41760475198662,7620.858008233719,hydro_doy,National
aet.previous,895.3797544042843,7620.858008233719,hydro_doy,National
evap_surface.mm.day._djf.previous,302.53547294788154,7620.858008233719,hydro_doy,National
organic_frac_top,494.76108495007634,7620.858008233719,hydro_doy,National
rel_hum...,751.0768073410384,7620.858008233719,hydro_doy,National
tmax_mam,384.1973668329908,7620.858008233719,hydro_doy,National
soil_awsc_max,2.29891552096909,7620.858008233719,hydro_doy,National
sm_lvl1.kg.m2.,1216.183103239788,7620.858008233719,hydro_doy,National
spei6_drought_count,146.67172302912573,7620.858008233719,hydro_doy,National
tavg_on,394.5556649664998,7620.858008233719,hydro_doy,National
wind_v.m.s.,215.4474615071367,7620.858008233719,hydro_doy,National
sm_lvl4.kg.m2.,490.4931510977367,7620.858008233719,hydro_doy,National
lai_max,281.29567331867503,7620.858008233719,hydro_doy,National
aet,699.1379792877102,7620.858008233719,hydro_doy,National
silt_frac_sub,196.23511975393558,7620.858008233719,hydro_doy,National
cwc_lon,731.9336933005642,7620.858008233719,hydro_doy,National
wind_u.m.s.,480.7993432553553,7620.858008233719,hydro_doy,National
elev_mean,345.730265880606,7620.858008233719,hydro_doy,National
sinuosity,240.18933836696334,7620.858008233719,hydro_doy,National
clay_frac_sub,236.43626983716794,7620.858008233719,hydro_doy,National
tmax_on.previous,446.07244391804153,7620.858008233719,hydro_doy,National
pet_djf.previous,684.3915600619479,7620.858008233719,hydro_doy,National
spei3_drought_max_spell,50.4763421785839,7620.858008233719,hydro_doy,National
soil_conductivity_top,457.9929409175061,7620.858008233719,hydro_doy,National
p_djf,296.79863049005024,7620.858008233719,hydro_doy,National
tmax.previous,521.6919621366474,7620.858008233719,hydro_doy,National
evap_surface.mm.day._mam.previous,342.07905738306,7380.5992718456055,hydro_doy,Humid
pet_on,674.8765966846786,7380.5992718456055,hydro_doy,Humid
geol_permeability,634.3299050721988,7380.5992718456055,hydro_doy,Humid
silt_frac_sub,414.6465640463641,7380.5992718456055,hydro_doy,Humid
sm_lvl2.kg.m2.,842.5845844837353,7380.5992718456055,hydro_doy,Humid
gravel_frac_top,467.1392101799652,7380.5992718456055,hydro_doy,Humid
aet_mam.previous,835.38401107732,7380.5992718456055,hydro_doy,Humid
elev_max,888.8842568712646,7380.5992718456055,hydro_doy,Humid
sm_lvl2.kg.m2..previous,430.70186724111653,7380.5992718456055,hydro_doy,Humid
pet_djf.previous,611.7462492358158,7380.5992718456055,hydro_doy,Humid
aet.previous,1178.178592440643,7380.5992718456055,hydro_doy,Humid
lai_mean,1108.9414937596966,7380.5992718456055,hydro_doy,Humid
p,639.5435488955305,7380.5992718456055,hydro_doy,Humid
org_carb_top_major,294.10766688358143,7380.5992718456055,hydro_doy,Humid
evap_canopy.mm.day._on,399.44859332127703,7380.5992718456055,hydro_doy,Humid
aet_jjas,722.8702272995109,7380.5992718456055,hydro_doy,Humid
aet_on,692.7483893921158,7380.5992718456055,hydro_doy,Humid
sinuosity,339.26066577902816,7380.5992718456055,hydro_doy,Humid
tmax_djf,506.8992208982309,7380.5992718456055,hydro_doy,Humid
sm_lvl1.kg.m2..previous,954.4473351223927,7380.5992718456055,hydro_doy,Humid
evap_canopy.mm.day._mam.previous,582.4344896066136,7380.5992718456055,hydro_doy,Humid
org_carb_sub_mean,587.0362750201233,7380.5992718456055,hydro_doy,Humid
aet,1125.239357010165,7380.5992718456055,hydro_doy,Humid
pet_djf,823.5374460349476,7380.5992718456055,hydro_doy,Humid
cwc_lat,1084.3694297262819,7380.5992718456055,hydro_doy,Humid
pet_jjas,1318.2120920661307,7380.5992718456055,hydro_doy,Humid
sm_lvl2.kg.m2.,367.79311271672896,9520.459969558362,hydro_doy,Dry_sub_humid
spei6_drought_count,606.7632625837334,9520.459969558362,hydro_doy,Dry_sub_humid
rel_hum...,1043.8030175080191,9520.459969558362,hydro_doy,Dry_sub_humid
organic_frac_top,1903.0183351245223,9520.459969558362,hydro_doy,Dry_sub_humid
lai_mean,1096.9247791439752,9520.459969558362,hydro_doy,Dry_sub_humid
p,905.7171436467472,9520.459969558362,hydro_doy,Dry_sub_humid
slope_mean,508.5744343919807,9520.459969558362,hydro_doy,Dry_sub_humid
geol_porosity,1524.4646716144955,9520.459969558362,hydro_doy,Dry_sub_humid
soil_awc_top,792.6240852895337,9520.459969558362,hydro_doy,Dry_sub_humid
pet_jjas.previous,1497.7526911555926,9520.459969558362,hydro_doy,Dry_sub_humid
aet_jjas,1229.724254134736,9520.459969558362,hydro_doy,Dry_sub_humid
gravel_frac_top,181.279313969391,9520.459969558362,hydro_doy,Dry_sub_humid
soil_depth,885.6199993305007,9520.459969558362,hydro_doy,Dry_sub_humid
evap_canopy.mm.day._mam,530.136399327231,9520.459969558362,hydro_doy,Dry_sub_humid
tmax_mam,1099.916382781535,9520.459969558362,hydro_doy,Dry_sub_humid
lai_min,1273.5811012170843,9520.459969558362,hydro_doy,Dry_sub_humid
sm_lvl2.kg.m2..previous,932.1160083350323,6863.110245995487,hydro_doy,Semi_arid
carb_rocks_frac,291.845385546622,6863.110245995487,hydro_doy,Semi_arid
pet_djf,1003.2708439759793,6863.110245995487,hydro_doy,Semi_arid
sm_lvl4.kg.m2.,1871.6142470176535,6863.110245995487,hydro_doy,Semi_arid
tavg.previous,1172.738480846787,6863.110245995487,hydro_doy,Semi_arid
soil_conductivity_top,1134.524000648212,6863.110245995487,hydro_doy,Semi_arid
tavg_on,1054.9532734945692,6863.110245995487,hydro_doy,Semi_arid
aet_mam,600.1276459512474,6863.110245995487,hydro_doy,Semi_arid
wind_u.m.s.,1462.774122545482,6863.110245995487,hydro_doy,Semi_arid
elev_mean,1108.7046024088286,6863.110245995487,hydro_doy,Semi_arid
sm_lvl3.kg.m2.,1203.4686568648722,6863.110245995487,hydro_doy,Semi_arid
p_on,753.5171400080361,6863.110245995487,hydro_doy,Semi_arid
elev_min,1384.0349674085173,6863.110245995487,hydro_doy,Semi_arid
tmax_on.previous,1826.0766380559348,6863.110245995487,hydro_doy,Semi_arid
geol_permeability,158.14211209298455,656.3992473163444,mean_dry_down_days,National
geol_porosity,205.11597186728406,656.3992473163444,mean_dry_down_days,National
cwc_lon,266.27579294257674,656.3992473163444,mean_dry_down_days,National
gravel_frac_top,47.47811327319548,656.3992473163444,mean_dry_down_days,National
silt_frac_sub,16.953009920597825,656.3992473163444,mean_dry_down_days,National
evap_canopy.mm.day._mam.previous,96.63522701770856,656.3992473163444,mean_dry_down_days,National
evap_canopy.mm.day._mam,105.78791664788838,656.3992473163444,mean_dry_down_days,National
soil_awsc_major,13.354762806753174,656.3992473163444,mean_dry_down_days,National
soil_conductivity_top,114.61186597385199,656.3992473163444,mean_dry_down_days,National
org_carb_top_major,40.467646011769794,656.3992473163444,mean_dry_down_days,National
slope_mean,109.51576706318794,656.3992473163444,mean_dry_down_days,National
wind_u.m.s.,73.10571838819023,656.3992473163444,mean_dry_down_days,National
gravel_frac_sub,45.734113557541946,656.3992473163444,mean_dry_down_days,National
cwc_lat,180.62737397988195,656.3992473163444,mean_dry_down_days,National
soil_awsc_min,28.54162098838398,656.3992473163444,mean_dry_down_days,National
tmax_on,103.94716929119294,656.3992473163444,mean_dry_down_days,National
wind_u.m.s..previous,46.31293740480176,656.3992473163444,mean_dry_down_days,National
org_carb_top_mean,98.64657651009097,656.3992473163444,mean_dry_down_days,National
org_carb_sub_major,58.23681858400709,656.3992473163444,mean_dry_down_days,National
dpsbar,98.01726921119382,656.3992473163444,mean_dry_down_days,National
soil_awc_top,105.3432835480962,656.3992473163444,mean_dry_down_days,National
organic_frac_top,96.33074353501041,656.3992473163444,mean_dry_down_days,National
tmax_djf,71.71080812800558,656.3992473163444,mean_dry_down_days,National
elev_min,145.62469532940835,656.3992473163444,mean_dry_down_days,National
spei6_drought_count,38.69168442553092,656.3992473163444,mean_dry_down_days,National
urban_pct,178.13380981997372,656.3992473163444,mean_dry_down_days,National
tmax,112.51362654839303,656.3992473163444,mean_dry_down_days,National
org_carb_sub_mean,70.07390487876152,656.3992473163444,mean_dry_down_days,National
aet_mam.previous,80.34107544014041,656.3992473163444,mean_dry_down_days,National
elev_max,85.93820515690174,656.3992473163444,mean_dry_down_days,National
srad_sw.w.m2.,48.59146889605906,656.3992473163444,mean_dry_down_days,National
silt_frac_top,18.446055311502597,656.3992473163444,mean_dry_down_days,National
tavg_on,40.5214313815095,656.3992473163444,mean_dry_down_days,National
evap_canopy.mm.day._djf,75.90644411232554,656.3992473163444,mean_dry_down_days,National
sinuosity,83.9247100258578,656.3992473163444,mean_dry_down_days,National
p_mam,66.75003694986135,656.3992473163444,mean_dry_down_days,National
spei24_drought_count.previous,2.688344328624163,656.3992473163444,mean_dry_down_days,National
p,90.40460281634255,656.3992473163444,mean_dry_down_days,National
evap_canopy.mm.day._mam,67.20696524817822,641.4149037514164,mean_dry_down_days,Humid
lai_mean,57.26056698548687,641.4149037514164,mean_dry_down_days,Humid
evap_canopy.mm.day._djf,72.89068629134104,641.4149037514164,mean_dry_down_days,Humid
sm_lvl3.kg.m2.,11.7379799292285,641.4149037514164,mean_dry_down_days,Humid
geol_porosity,25.90543048732697,641.4149037514164,mean_dry_down_days,Humid
cwc_lat,45.06475909964511,641.4149037514164,mean_dry_down_days,Humid
Total_Dams_So_Far,36.06295726535452,641.4149037514164,mean_dry_down_days,Humid
tmax_on,63.650084372012245,641.4149037514164,mean_dry_down_days,Humid
org_carb_top_major,44.3350315556504,641.4149037514164,mean_dry_down_days,Humid
elev_min,43.57904892973055,641.4149037514164,mean_dry_down_days,Humid
p_djf,23.63782372334301,641.4149037514164,mean_dry_down_days,Humid
srad_sw.w.m2.,41.21006398248812,641.4149037514164,mean_dry_down_days,Humid
cwc_lon,104.28472311009519,641.4149037514164,mean_dry_down_days,Humid
org_carb_top_mean,55.53990926396446,641.4149037514164,mean_dry_down_days,Humid
evap_canopy.mm.day._mam.previous,53.22387893138717,641.4149037514164,mean_dry_down_days,Humid
wind_v.m.s..previous,50.82188385954978,641.4149037514164,mean_dry_down_days,Humid
pet_mam,26.59688886739409,641.4149037514164,mean_dry_down_days,Humid
evap_surface.mm.day._jjas,24.54204919718384,641.4149037514164,mean_dry_down_days,Humid
sand_frac_top,18.066011175982794,641.4149037514164,mean_dry_down_days,Humid
evap_surface.mm.day.,27.89390549818232,641.4149037514164,mean_dry_down_days,Humid
wind_v.m.s.,42.30434492258219,641.4149037514164,mean_dry_down_days,Humid
urban_pct,65.79841626388134,641.4149037514164,mean_dry_down_days,Humid
pet_mam.previous,63.73713541298305,641.4149037514164,mean_dry_down_days,Humid
sinuosity,39.727825388146954,641.4149037514164,mean_dry_down_days,Humid
pet_djf.previous,40.72605695608877,641.4149037514164,mean_dry_down_days,Humid
tmax_mam,35.89970265349364,641.4149037514164,mean_dry_down_days,Humid
evap_canopy.mm.day._jjas.previous,15.463993653318944,641.4149037514164,mean_dry_down_days,Humid
tmax_djf,33.56579296849903,641.4149037514164,mean_dry_down_days,Humid
tmax,53.191551363810426,641.4149037514164,mean_dry_down_days,Humid
rel_hum...,53.926715785215,641.4149037514164,mean_dry_down_days,Humid
sm_lvl4.kg.m2.,38.66780592238921,641.4149037514164,mean_dry_down_days,Humid
gravel_frac_sub,13.472105371845657,641.4149037514164,mean_dry_down_days,Humid
soil_conductivity_top,20.47865164785151,641.4149037514164,mean_dry_down_days,Humid
sm_lvl3.kg.m2..previous,33.38744265014096,641.4149037514164,mean_dry_down_days,Humid
gravel_frac_top,9.607222817373934,641.4149037514164,mean_dry_down_days,Humid
aet_mam.previous,22.912389048053736,641.4149037514164,mean_dry_down_days,Humid
p_mam,30.094429249621612,641.4149037514164,mean_dry_down_days,Humid
sm_lvl1.kg.m2.,33.585322389569505,641.4149037514164,mean_dry_down_days,Humid
wind_u.m.s.,40.288466033390144,641.4149037514164,mean_dry_down_days,Humid
evap_surface.mm.day._mam,27.777125652428133,641.4149037514164,mean_dry_down_days,Humid
slope_mean,54.49144896665784,641.4149037514164,mean_dry_down_days,Humid
pet_djf,50.987395061000164,641.4149037514164,mean_dry_down_days,Humid
sm_lvl2.kg.m2..previous,26.47364099162004,641.4149037514164,mean_dry_down_days,Humid
organic_frac_top,47.89664378053187,641.4149037514164,mean_dry_down_days,Humid
lai_max,72.04481154086425,641.4149037514164,mean_dry_down_days,Humid
silt_frac_top,25.624932868436755,641.4149037514164,mean_dry_down_days,Humid
elev_mean,36.891556698565644,641.4149037514164,mean_dry_down_days,Humid
aet_mam,26.280486613741303,641.4149037514164,mean_dry_down_days,Humid
spei6_drought_count,14.584937570901525,641.4149037514164,mean_dry_down_days,Humid
org_carb_sub_major,6.562351742050358,641.4149037514164,mean_dry_down_days,Humid
lai_min,99.14309473191909,678.0964901235433,mean_dry_down_days,Dry_sub_humid
urban_pct,51.42004429675362,678.0964901235433,mean_dry_down_days,Dry_sub_humid
elev_min,105.42944978873017,678.0964901235433,mean_dry_down_days,Dry_sub_humid
org_carb_sub_mean,56.067411924497485,678.0964901235433,mean_dry_down_days,Dry_sub_humid
geol_porosity,56.584535617252975,678.0964901235433,mean_dry_down_days,Dry_sub_humid
rel_hum...,40.95045756648102,678.0964901235433,mean_dry_down_days,Dry_sub_humid
cwc_lon,24.10120292166707,678.0964901235433,mean_dry_down_days,Dry_sub_humid
org_carb_sub_major,26.887031734691377,678.0964901235433,mean_dry_down_days,Dry_sub_humid
tmax,95.3772914079371,678.0964901235433,mean_dry_down_days,Dry_sub_humid
tmax_djf,72.35802926661144,678.0964901235433,mean_dry_down_days,Dry_sub_humid
tmax_on,65.56896687569038,678.0964901235433,mean_dry_down_days,Dry_sub_humid
wind_v.m.s.,22.754208614283016,678.0964901235433,mean_dry_down_days,Dry_sub_humid
slope_max,41.31240304641606,678.0964901235433,mean_dry_down_days,Dry_sub_humid
elev_mean,33.479200138875704,678.0964901235433,mean_dry_down_days,Dry_sub_humid
aet_mam.previous,4.151969024782265,678.0964901235433,mean_dry_down_days,Dry_sub_humid
sinuosity,35.60980188332257,678.0964901235433,mean_dry_down_days,Dry_sub_humid
spei6_drought_count,53.01832450258892,678.0964901235433,mean_dry_down_days,Dry_sub_humid
tmax_mam,92.10004325526366,678.0964901235433,mean_dry_down_days,Dry_sub_humid
evap_surface.mm.day._on.previous,73.90441207366993,678.0964901235433,mean_dry_down_days,Dry_sub_humid
spei12_drought_count,54.89871791405623,678.0964901235433,mean_dry_down_days,Dry_sub_humid
evap_surface.mm.day._djf.previous,23.381094758366167,678.0964901235433,mean_dry_down_days,Dry_sub_humid
evap_surface.mm.day._djf,26.246126450793373,678.0964901235433,mean_dry_down_days,Dry_sub_humid
aet,21.267616858664788,678.0964901235433,mean_dry_down_days,Dry_sub_humid
evap_canopy.mm.day._on,50.571836855810666,678.0964901235433,mean_dry_down_days,Dry_sub_humid
elev_max,33.409947187586475,678.0964901235433,mean_dry_down_days,Dry_sub_humid
soil_awc_top,26.801177817205843,678.0964901235433,mean_dry_down_days,Dry_sub_humid
lai_max,24.659503371937827,678.0964901235433,mean_dry_down_days,Dry_sub_humid
silt_frac_top,11.365324349099444,678.0964901235433,mean_dry_down_days,Dry_sub_humid
evap_surface.mm.day._mam,35.1709021649381,678.0964901235433,mean_dry_down_days,Dry_sub_humid
sm_lvl1.kg.m2.,43.853329777252206,678.0964901235433,mean_dry_down_days,Dry_sub_humid
clay_frac_sub,25.367125160855085,678.0964901235433,mean_dry_down_days,Dry_sub_humid
org_carb_top_mean,26.688264947639002,678.0964901235433,mean_dry_down_days,Dry_sub_humid
organic_frac_top,23.06709658933759,678.0964901235433,mean_dry_down_days,Dry_sub_humid
tmin_jjas,46.075000725483285,678.0964901235433,mean_dry_down_days,Dry_sub_humid
pet.previous,22.7800556539735,678.0964901235433,mean_dry_down_days,Dry_sub_humid
tmax.previous,22.79884124186196,678.0964901235433,mean_dry_down_days,Dry_sub_humid
res_store_sum,27.09080278632582,678.0964901235433,mean_dry_down_days,Dry_sub_humid
sand_frac_top,6.999724249632912,678.0964901235433,mean_dry_down_days,Dry_sub_humid
geol_porosity,226.71886210062044,644.5987321440005,mean_dry_down_days,Semi_arid
soil_awsc_min,22.8085659946128,644.5987321440005,mean_dry_down_days,Semi_arid
cwc_lon,247.44595089104683,644.5987321440005,mean_dry_down_days,Semi_arid
gravel_frac_top,81.01510500917135,644.5987321440005,mean_dry_down_days,Semi_arid
org_carb_top_major,144.3626351982921,644.5987321440005,mean_dry_down_days,Semi_arid
sand_frac_top,44.01466741796272,644.5987321440005,mean_dry_down_days,Semi_arid
geol_permeability,219.55597755253473,644.5987321440005,mean_dry_down_days,Semi_arid
silt_frac_sub,27.127580070672245,644.5987321440005,mean_dry_down_days,Semi_arid
gravel_frac_sub,29.93589299429681,644.5987321440005,mean_dry_down_days,Semi_arid
soil_awsc_major,22.456616531295474,644.5987321440005,mean_dry_down_days,Semi_arid
org_carb_top_mean,100.48921468907365,644.5987321440005,mean_dry_down_days,Semi_arid
elev_min,115.5372515620354,644.5987321440005,mean_dry_down_days,Semi_arid
organic_frac_top,90.90235893432512,644.5987321440005,mean_dry_down_days,Semi_arid
evap_canopy.mm.day._mam.previous,84.62537675496814,644.5987321440005,mean_dry_down_days,Semi_arid
org_carb_sub_major,118.74592703966506,644.5987321440005,mean_dry_down_days,Semi_arid
soil_conductivity_top,97.61827951084238,644.5987321440005,mean_dry_down_days,Semi_arid
slope_mean,107.13908152242324,644.5987321440005,mean_dry_down_days,Semi_arid
sand_frac_sub,21.79423347861064,644.5987321440005,mean_dry_down_days,Semi_arid
soil_awc_top,122.50278596774021,644.5987321440005,mean_dry_down_days,Semi_arid
slope_max,49.91481530610217,644.5987321440005,mean_dry_down_days,Semi_arid
cwc_lat,129.51071221248418,644.5987321440005,mean_dry_down_days,Semi_arid
dpsbar,112.88930265366967,644.5987321440005,mean_dry_down_days,Semi_arid
clay_frac_sub,45.72408297655558,644.5987321440005,mean_dry_down_days,Semi_arid
silt_frac_top,6.668724089223262,644.5987321440005,mean_dry_down_days,Semi_arid
lai_min,86.22357732364337,644.5987321440005,mean_dry_down_days,Semi_arid
elev_mean,112.34207606718574,644.5987321440005,mean_dry_down_days,Semi_arid
urban_pct,180.9409608547246,644.5987321440005,mean_dry_down_days,Semi_arid
tmax_on,106.46386561153977,644.5987321440005,mean_dry_down_days,Semi_arid
carb_rocks_frac,0.23695912860207305,644.5987321440005,mean_dry_down_days,Semi_arid
wind_u.m.s..previous,61.110187786138894,644.5987321440005,mean_dry_down_days,Semi_arid
wind_u.m.s.,87.7765666427111,644.5987321440005,mean_dry_down_days,Semi_arid
spei6_drought_count.previous,5.602113143827315,644.5987321440005,mean_dry_down_days,Semi_arid
aet_mam.previous,151.36998593519266,644.5987321440005,mean_dry_down_days,Semi_arid
sinuosity,56.05985222317026,644.5987321440005,mean_dry_down_days,Semi_arid
evap_canopy.mm.day._djf,58.16056027079874,644.5987321440005,mean_dry_down_days,Semi_arid
evap_surface.mm.day._djf.previous,79.2168480635572,644.5987321440005,mean_dry_down_days,Semi_arid
evap_canopy.mm.day._mam,90.25838564222097,644.5987321440005,mean_dry_down_days,Semi_arid
pet_jjas.previous,52.24085817701827,644.5987321440005,mean_dry_down_days,Semi_arid
evap_surface.mm.day.,120.09885144858218,644.5987321440005,mean_dry_down_days,Semi_arid
tmax_djf,93.28749247687381,644.5987321440005,mean_dry_down_days,Semi_arid
