value,yhat,predictor,metric
-2.656254964,0.147165088,wind_v.m.s.,Zero_Flow_Days_sum
-2.519644892,0.147165088,wind_v.m.s.,Zero_Flow_Days_sum
-2.38303482,0.146530561,wind_v.m.s.,Zero_Flow_Days_sum
-2.246424749,0.146530561,wind_v.m.s.,Zero_Flow_Days_sum
-2.109814677,0.131093674,wind_v.m.s.,Zero_Flow_Days_sum
-1.973204605,0.125454234,wind_v.m.s.,Zero_Flow_Days_sum
-1.836594533,0.122981292,wind_v.m.s.,Zero_Flow_Days_sum
-1.699984461,0.12259973,wind_v.m.s.,Zero_Flow_Days_sum
-1.56337439,0.12297674,wind_v.m.s.,Zero_Flow_Days_sum
-1.426764318,0.122750495,wind_v.m.s.,Zero_Flow_Days_sum
-1.290154246,0.124619709,wind_v.m.s.,Zero_Flow_Days_sum
-1.153544174,0.125286478,wind_v.m.s.,Zero_Flow_Days_sum
-1.016934102,0.124532387,wind_v.m.s.,Zero_Flow_Days_sum
-0.880324031,0.122500512,wind_v.m.s.,Zero_Flow_Days_sum
-0.743713959,0.122551348,wind_v.m.s.,Zero_Flow_Days_sum
-0.607103887,0.122636949,wind_v.m.s.,Zero_Flow_Days_sum
-0.470493815,0.123762023,wind_v.m.s.,Zero_Flow_Days_sum
-0.333883743,0.124736709,wind_v.m.s.,Zero_Flow_Days_sum
-0.197273672,0.11056662,wind_v.m.s.,Zero_Flow_Days_sum
-0.0606636,0.078640003,wind_v.m.s.,Zero_Flow_Days_sum
0.075946472,0.074898942,wind_v.m.s.,Zero_Flow_Days_sum
0.212556544,0.074240276,wind_v.m.s.,Zero_Flow_Days_sum
0.349166616,0.06606478,wind_v.m.s.,Zero_Flow_Days_sum
0.485776688,0.063144306,wind_v.m.s.,Zero_Flow_Days_sum
0.622386759,0.062121056,wind_v.m.s.,Zero_Flow_Days_sum
0.758996831,0.064022311,wind_v.m.s.,Zero_Flow_Days_sum
0.895606903,0.06545528,wind_v.m.s.,Zero_Flow_Days_sum
1.032216975,0.06388595,wind_v.m.s.,Zero_Flow_Days_sum
1.168827047,0.063239675,wind_v.m.s.,Zero_Flow_Days_sum
1.305437118,0.062754735,wind_v.m.s.,Zero_Flow_Days_sum
1.44204719,0.062854909,wind_v.m.s.,Zero_Flow_Days_sum
1.578657262,0.063535496,wind_v.m.s.,Zero_Flow_Days_sum
1.715267334,0.064304578,wind_v.m.s.,Zero_Flow_Days_sum
1.851877406,0.065034538,wind_v.m.s.,Zero_Flow_Days_sum
1.988487477,0.065265678,wind_v.m.s.,Zero_Flow_Days_sum
2.125097549,0.065360685,wind_v.m.s.,Zero_Flow_Days_sum
2.261707621,0.065360685,wind_v.m.s.,Zero_Flow_Days_sum
2.398317693,0.065360685,wind_v.m.s.,Zero_Flow_Days_sum
2.534927765,0.065360685,wind_v.m.s.,Zero_Flow_Days_sum
2.671537836,0.065360685,wind_v.m.s.,Zero_Flow_Days_sum
2.808147908,0.065360685,wind_v.m.s.,Zero_Flow_Days_sum
2.94475798,0.065360685,wind_v.m.s.,Zero_Flow_Days_sum
3.081368052,0.065360685,wind_v.m.s.,Zero_Flow_Days_sum
3.217978124,0.065536944,wind_v.m.s.,Zero_Flow_Days_sum
3.354588195,0.065536944,wind_v.m.s.,Zero_Flow_Days_sum
3.491198267,0.065536944,wind_v.m.s.,Zero_Flow_Days_sum
3.627808339,0.065536944,wind_v.m.s.,Zero_Flow_Days_sum
3.764418411,0.065536944,wind_v.m.s.,Zero_Flow_Days_sum
3.901028483,0.065536944,wind_v.m.s.,Zero_Flow_Days_sum
4.037638554,0.065536944,wind_v.m.s.,Zero_Flow_Days_sum
4.174248626,0.065536944,wind_v.m.s.,Zero_Flow_Days_sum
-2.850664402,0.037859635,spei12_drought_count,Zero_Flow_Days_sum
-2.732874899,0.037859635,spei12_drought_count,Zero_Flow_Days_sum
-2.615085396,0.037859635,spei12_drought_count,Zero_Flow_Days_sum
-2.497295894,0.038172744,spei12_drought_count,Zero_Flow_Days_sum
-2.379506391,0.038172744,spei12_drought_count,Zero_Flow_Days_sum
-2.261716889,0.038752015,spei12_drought_count,Zero_Flow_Days_sum
-2.143927386,0.038843584,spei12_drought_count,Zero_Flow_Days_sum
-2.026137883,0.038993083,spei12_drought_count,Zero_Flow_Days_sum
-1.908348381,0.045108318,spei12_drought_count,Zero_Flow_Days_sum
-1.790558878,0.045133687,spei12_drought_count,Zero_Flow_Days_sum
-1.672769376,0.045893706,spei12_drought_count,Zero_Flow_Days_sum
-1.554979873,0.045881727,spei12_drought_count,Zero_Flow_Days_sum
-1.437190371,0.045881727,spei12_drought_count,Zero_Flow_Days_sum
-1.319400868,0.055247479,spei12_drought_count,Zero_Flow_Days_sum
-1.201611365,0.061948123,spei12_drought_count,Zero_Flow_Days_sum
-1.083821863,0.06399704,spei12_drought_count,Zero_Flow_Days_sum
-0.96603236,0.066587973,spei12_drought_count,Zero_Flow_Days_sum
-0.848242858,0.086298305,spei12_drought_count,Zero_Flow_Days_sum
-0.730453355,0.093462283,spei12_drought_count,Zero_Flow_Days_sum
-0.612663852,0.095896191,spei12_drought_count,Zero_Flow_Days_sum
-0.49487435,0.095486445,spei12_drought_count,Zero_Flow_Days_sum
-0.377084847,0.09522826,spei12_drought_count,Zero_Flow_Days_sum
-0.259295345,0.095485547,spei12_drought_count,Zero_Flow_Days_sum
-0.141505842,0.095809846,spei12_drought_count,Zero_Flow_Days_sum
-0.02371634,0.097706133,spei12_drought_count,Zero_Flow_Days_sum
0.094073163,0.092213429,spei12_drought_count,Zero_Flow_Days_sum
0.211862666,0.091765374,spei12_drought_count,Zero_Flow_Days_sum
0.329652168,0.090633824,spei12_drought_count,Zero_Flow_Days_sum
0.447441671,0.090503686,spei12_drought_count,Zero_Flow_Days_sum
0.565231173,0.088308642,spei12_drought_count,Zero_Flow_Days_sum
0.683020676,0.086900773,spei12_drought_count,Zero_Flow_Days_sum
0.800810179,0.085421913,spei12_drought_count,Zero_Flow_Days_sum
0.918599681,0.084836281,spei12_drought_count,Zero_Flow_Days_sum
1.036389184,0.084102997,spei12_drought_count,Zero_Flow_Days_sum
1.154178686,0.084349841,spei12_drought_count,Zero_Flow_Days_sum
1.271968189,0.084262221,spei12_drought_count,Zero_Flow_Days_sum
1.389757691,0.084463864,spei12_drought_count,Zero_Flow_Days_sum
1.507547194,0.085084353,spei12_drought_count,Zero_Flow_Days_sum
1.625336697,0.08552439,spei12_drought_count,Zero_Flow_Days_sum
1.743126199,0.08552439,spei12_drought_count,Zero_Flow_Days_sum
1.860915702,0.085501311,spei12_drought_count,Zero_Flow_Days_sum
1.978705204,0.085581099,spei12_drought_count,Zero_Flow_Days_sum
2.096494707,0.085073697,spei12_drought_count,Zero_Flow_Days_sum
2.21428421,0.084622672,spei12_drought_count,Zero_Flow_Days_sum
2.332073712,0.084572989,spei12_drought_count,Zero_Flow_Days_sum
2.449863215,0.0847351,spei12_drought_count,Zero_Flow_Days_sum
2.567652717,0.0847351,spei12_drought_count,Zero_Flow_Days_sum
2.68544222,0.0847351,spei12_drought_count,Zero_Flow_Days_sum
2.803231722,0.085984103,spei12_drought_count,Zero_Flow_Days_sum
2.921021225,0.085984103,spei12_drought_count,Zero_Flow_Days_sum
-2.735177376,0.050223301,tmax,Zero_Flow_Days_sum
-2.645370456,0.050223301,tmax,Zero_Flow_Days_sum
-2.555563537,0.065062106,tmax,Zero_Flow_Days_sum
-2.465756618,0.071415466,tmax,Zero_Flow_Days_sum
-2.375949698,0.07169169,tmax,Zero_Flow_Days_sum
-2.286142779,0.071514212,tmax,Zero_Flow_Days_sum
-2.19633586,0.071620045,tmax,Zero_Flow_Days_sum
-2.10652894,0.072168982,tmax,Zero_Flow_Days_sum
-2.016722021,0.072213865,tmax,Zero_Flow_Days_sum
-1.926915102,0.078677253,tmax,Zero_Flow_Days_sum
-1.837108182,0.083213407,tmax,Zero_Flow_Days_sum
-1.747301263,0.08337713,tmax,Zero_Flow_Days_sum
-1.657494344,0.080554991,tmax,Zero_Flow_Days_sum
-1.567687424,0.080146942,tmax,Zero_Flow_Days_sum
-1.477880505,0.08076497,tmax,Zero_Flow_Days_sum
-1.388073586,0.080853595,tmax,Zero_Flow_Days_sum
-1.298266666,0.080574152,tmax,Zero_Flow_Days_sum
-1.208459747,0.079530304,tmax,Zero_Flow_Days_sum
-1.118652827,0.079581802,tmax,Zero_Flow_Days_sum
-1.028845908,0.079461329,tmax,Zero_Flow_Days_sum
-0.939038989,0.079508882,tmax,Zero_Flow_Days_sum
-0.849232069,0.079588736,tmax,Zero_Flow_Days_sum
-0.75942515,0.079515632,tmax,Zero_Flow_Days_sum
-0.669618231,0.078838998,tmax,Zero_Flow_Days_sum
-0.579811311,0.078395571,tmax,Zero_Flow_Days_sum
-0.490004392,0.077868212,tmax,Zero_Flow_Days_sum
-0.400197473,0.077815273,tmax,Zero_Flow_Days_sum
-0.310390553,0.069766379,tmax,Zero_Flow_Days_sum
-0.220583634,0.076941431,tmax,Zero_Flow_Days_sum
-0.130776715,0.078838278,tmax,Zero_Flow_Days_sum
-0.040969795,0.082171007,tmax,Zero_Flow_Days_sum
0.048837124,0.08248646,tmax,Zero_Flow_Days_sum
0.138644043,0.082239702,tmax,Zero_Flow_Days_sum
0.228450963,0.081993579,tmax,Zero_Flow_Days_sum
0.318257882,0.081595731,tmax,Zero_Flow_Days_sum
0.408064802,0.081913367,tmax,Zero_Flow_Days_sum
0.497871721,0.086474754,tmax,Zero_Flow_Days_sum
0.58767864,0.090165532,tmax,Zero_Flow_Days_sum
0.67748556,0.091977891,tmax,Zero_Flow_Days_sum
0.767292479,0.09441735,tmax,Zero_Flow_Days_sum
0.857099398,0.095948666,tmax,Zero_Flow_Days_sum
0.946906318,0.095584701,tmax,Zero_Flow_Days_sum
1.036713237,0.096306635,tmax,Zero_Flow_Days_sum
1.126520156,0.099915652,tmax,Zero_Flow_Days_sum
1.216327076,0.101078652,tmax,Zero_Flow_Days_sum
1.306133995,0.103059607,tmax,Zero_Flow_Days_sum
1.395940914,0.105614486,tmax,Zero_Flow_Days_sum
1.485747834,0.105324413,tmax,Zero_Flow_Days_sum
1.575554753,0.105324413,tmax,Zero_Flow_Days_sum
1.665361672,0.105324413,tmax,Zero_Flow_Days_sum
1.755168592,0.105324413,tmax,Zero_Flow_Days_sum
-1.497144768,0.078774771,lai_min,Zero_Flow_Days_sum
-1.381258509,0.078774771,lai_min,Zero_Flow_Days_sum
-1.265372249,0.078774771,lai_min,Zero_Flow_Days_sum
-1.14948599,0.078774771,lai_min,Zero_Flow_Days_sum
-1.033599731,0.078822688,lai_min,Zero_Flow_Days_sum
-0.917713472,0.081642471,lai_min,Zero_Flow_Days_sum
-0.801827213,0.073634348,lai_min,Zero_Flow_Days_sum
-0.685940953,0.069571368,lai_min,Zero_Flow_Days_sum
-0.570054694,0.069168227,lai_min,Zero_Flow_Days_sum
-0.454168435,0.070260366,lai_min,Zero_Flow_Days_sum
-0.338282176,0.072958662,lai_min,Zero_Flow_Days_sum
-0.222395916,0.075394522,lai_min,Zero_Flow_Days_sum
-0.106509657,0.079943442,lai_min,Zero_Flow_Days_sum
0.009376602,0.08001482,lai_min,Zero_Flow_Days_sum
0.125262861,0.081322739,lai_min,Zero_Flow_Days_sum
0.24114912,0.081487604,lai_min,Zero_Flow_Days_sum
0.35703538,0.083774673,lai_min,Zero_Flow_Days_sum
0.472921639,0.085556181,lai_min,Zero_Flow_Days_sum
0.588807898,0.090645662,lai_min,Zero_Flow_Days_sum
0.704694157,0.094370757,lai_min,Zero_Flow_Days_sum
0.820580416,0.093712983,lai_min,Zero_Flow_Days_sum
0.936466676,0.094124843,lai_min,Zero_Flow_Days_sum
1.052352935,0.103393996,lai_min,Zero_Flow_Days_sum
1.168239194,0.104994076,lai_min,Zero_Flow_Days_sum
1.284125453,0.106391461,lai_min,Zero_Flow_Days_sum
1.400011712,0.126382199,lai_min,Zero_Flow_Days_sum
1.515897972,0.127823164,lai_min,Zero_Flow_Days_sum
1.631784231,0.127169178,lai_min,Zero_Flow_Days_sum
1.74767049,0.125928659,lai_min,Zero_Flow_Days_sum
1.863556749,0.126871449,lai_min,Zero_Flow_Days_sum
1.979443008,0.127201079,lai_min,Zero_Flow_Days_sum
2.095329268,0.134411518,lai_min,Zero_Flow_Days_sum
2.211215527,0.134355604,lai_min,Zero_Flow_Days_sum
2.327101786,0.134326663,lai_min,Zero_Flow_Days_sum
2.442988045,0.134426038,lai_min,Zero_Flow_Days_sum
2.558874305,0.134426038,lai_min,Zero_Flow_Days_sum
2.674760564,0.134519777,lai_min,Zero_Flow_Days_sum
2.790646823,0.134783963,lai_min,Zero_Flow_Days_sum
2.906533082,0.134783963,lai_min,Zero_Flow_Days_sum
3.022419341,0.134783963,lai_min,Zero_Flow_Days_sum
3.138305601,0.134783963,lai_min,Zero_Flow_Days_sum
3.25419186,0.134783963,lai_min,Zero_Flow_Days_sum
3.370078119,0.134783963,lai_min,Zero_Flow_Days_sum
3.485964378,0.134990739,lai_min,Zero_Flow_Days_sum
3.601850637,0.135025786,lai_min,Zero_Flow_Days_sum
3.717736897,0.134995671,lai_min,Zero_Flow_Days_sum
3.833623156,0.134995671,lai_min,Zero_Flow_Days_sum
3.949509415,0.134995671,lai_min,Zero_Flow_Days_sum
4.065395674,0.134972935,lai_min,Zero_Flow_Days_sum
4.181281933,0.134972935,lai_min,Zero_Flow_Days_sum
4.297168193,0.134972935,lai_min,Zero_Flow_Days_sum
-1.674469771,0.156550225,sinuosity,Zero_Flow_Days_sum
-1.53179873,0.156550225,sinuosity,Zero_Flow_Days_sum
-1.389127689,0.156550225,sinuosity,Zero_Flow_Days_sum
-1.246456648,0.156550225,sinuosity,Zero_Flow_Days_sum
-1.103785607,0.156550225,sinuosity,Zero_Flow_Days_sum
-0.961114566,0.108597903,sinuosity,Zero_Flow_Days_sum
-0.818443525,0.098260012,sinuosity,Zero_Flow_Days_sum
-0.675772484,0.098732973,sinuosity,Zero_Flow_Days_sum
-0.533101443,0.092587319,sinuosity,Zero_Flow_Days_sum
-0.390430402,0.087011599,sinuosity,Zero_Flow_Days_sum
-0.247759361,0.086684023,sinuosity,Zero_Flow_Days_sum
-0.10508832,0.080152021,sinuosity,Zero_Flow_Days_sum
0.037582721,0.07753875,sinuosity,Zero_Flow_Days_sum
0.180253762,0.075741618,sinuosity,Zero_Flow_Days_sum
0.322924803,0.077053603,sinuosity,Zero_Flow_Days_sum
0.465595844,0.074463504,sinuosity,Zero_Flow_Days_sum
0.608266885,0.071475993,sinuosity,Zero_Flow_Days_sum
0.750937926,0.071499348,sinuosity,Zero_Flow_Days_sum
0.893608967,0.070976503,sinuosity,Zero_Flow_Days_sum
1.036280008,0.070613551,sinuosity,Zero_Flow_Days_sum
1.178951048,0.0705705,sinuosity,Zero_Flow_Days_sum
1.321622089,0.070052199,sinuosity,Zero_Flow_Days_sum
1.46429313,0.070052199,sinuosity,Zero_Flow_Days_sum
1.606964171,0.070062031,sinuosity,Zero_Flow_Days_sum
1.749635212,0.070085387,sinuosity,Zero_Flow_Days_sum
1.892306253,0.070085387,sinuosity,Zero_Flow_Days_sum
2.034977294,0.070085387,sinuosity,Zero_Flow_Days_sum
2.177648335,0.070141502,sinuosity,Zero_Flow_Days_sum
2.320319376,0.07013739,sinuosity,Zero_Flow_Days_sum
2.462990417,0.070164985,sinuosity,Zero_Flow_Days_sum
2.605661458,0.070164985,sinuosity,Zero_Flow_Days_sum
2.748332499,0.070164985,sinuosity,Zero_Flow_Days_sum
2.89100354,0.070164985,sinuosity,Zero_Flow_Days_sum
3.033674581,0.070164985,sinuosity,Zero_Flow_Days_sum
3.176345622,0.070164985,sinuosity,Zero_Flow_Days_sum
3.319016663,0.070164985,sinuosity,Zero_Flow_Days_sum
3.461687704,0.070164985,sinuosity,Zero_Flow_Days_sum
3.604358745,0.070164985,sinuosity,Zero_Flow_Days_sum
3.747029786,0.070164985,sinuosity,Zero_Flow_Days_sum
3.889700826,0.070127688,sinuosity,Zero_Flow_Days_sum
4.032371867,0.070127688,sinuosity,Zero_Flow_Days_sum
4.175042908,0.06994201,sinuosity,Zero_Flow_Days_sum
4.317713949,0.06994201,sinuosity,Zero_Flow_Days_sum
4.46038499,0.069712419,sinuosity,Zero_Flow_Days_sum
4.603056031,0.069712419,sinuosity,Zero_Flow_Days_sum
4.745727072,0.069712419,sinuosity,Zero_Flow_Days_sum
4.888398113,0.069712419,sinuosity,Zero_Flow_Days_sum
5.031069154,0.069712419,sinuosity,Zero_Flow_Days_sum
5.173740195,0.069712419,sinuosity,Zero_Flow_Days_sum
5.316411236,0.069650839,sinuosity,Zero_Flow_Days_sum
5.459082277,0.069650839,sinuosity,Zero_Flow_Days_sum
-1.193210689,0.055953949,lai_mean,Zero_Flow_Days_sum
-1.101523894,0.090788517,lai_mean,Zero_Flow_Days_sum
-1.009837099,0.098456402,lai_mean,Zero_Flow_Days_sum
-0.918150304,0.098364291,lai_mean,Zero_Flow_Days_sum
-0.826463508,0.096424909,lai_mean,Zero_Flow_Days_sum
-0.734776713,0.087555318,lai_mean,Zero_Flow_Days_sum
-0.643089918,0.083155521,lai_mean,Zero_Flow_Days_sum
-0.551403122,0.08274086,lai_mean,Zero_Flow_Days_sum
-0.459716327,0.084500488,lai_mean,Zero_Flow_Days_sum
-0.368029532,0.081755489,lai_mean,Zero_Flow_Days_sum
-0.276342737,0.073465559,lai_mean,Zero_Flow_Days_sum
-0.184655941,0.074188315,lai_mean,Zero_Flow_Days_sum
-0.092969146,0.080808881,lai_mean,Zero_Flow_Days_sum
-0.001282351,0.081185396,lai_mean,Zero_Flow_Days_sum
0.090404445,0.082255698,lai_mean,Zero_Flow_Days_sum
0.18209124,0.085143358,lai_mean,Zero_Flow_Days_sum
0.273778035,0.086076173,lai_mean,Zero_Flow_Days_sum
0.36546483,0.085947295,lai_mean,Zero_Flow_Days_sum
0.457151626,0.084927338,lai_mean,Zero_Flow_Days_sum
0.548838421,0.086724121,lai_mean,Zero_Flow_Days_sum
0.640525216,0.086673238,lai_mean,Zero_Flow_Days_sum
0.732212012,0.086828442,lai_mean,Zero_Flow_Days_sum
0.823898807,0.086799523,lai_mean,Zero_Flow_Days_sum
0.915585602,0.087249881,lai_mean,Zero_Flow_Days_sum
1.007272397,0.08717183,lai_mean,Zero_Flow_Days_sum
1.098959193,0.08717183,lai_mean,Zero_Flow_Days_sum
1.190645988,0.08726461,lai_mean,Zero_Flow_Days_sum
1.282332783,0.086926708,lai_mean,Zero_Flow_Days_sum
1.374019578,0.086896408,lai_mean,Zero_Flow_Days_sum
1.465706374,0.086717812,lai_mean,Zero_Flow_Days_sum
1.557393169,0.088243461,lai_mean,Zero_Flow_Days_sum
1.649079964,0.088919047,lai_mean,Zero_Flow_Days_sum
1.74076676,0.091560888,lai_mean,Zero_Flow_Days_sum
1.832453555,0.090236234,lai_mean,Zero_Flow_Days_sum
1.92414035,0.090460122,lai_mean,Zero_Flow_Days_sum
2.015827145,0.090460122,lai_mean,Zero_Flow_Days_sum
2.107513941,0.105127228,lai_mean,Zero_Flow_Days_sum
2.199200736,0.107252021,lai_mean,Zero_Flow_Days_sum
2.290887531,0.10853718,lai_mean,Zero_Flow_Days_sum
2.382574327,0.108667429,lai_mean,Zero_Flow_Days_sum
2.474261122,0.108655456,lai_mean,Zero_Flow_Days_sum
2.565947917,0.107784202,lai_mean,Zero_Flow_Days_sum
2.657634712,0.107784202,lai_mean,Zero_Flow_Days_sum
2.749321508,0.107273647,lai_mean,Zero_Flow_Days_sum
2.841008303,0.107385704,lai_mean,Zero_Flow_Days_sum
2.932695098,0.107385704,lai_mean,Zero_Flow_Days_sum
3.024381894,0.107569467,lai_mean,Zero_Flow_Days_sum
3.116068689,0.107569467,lai_mean,Zero_Flow_Days_sum
3.207755484,0.107569467,lai_mean,Zero_Flow_Days_sum
3.299442279,0.107743305,lai_mean,Zero_Flow_Days_sum
3.391129075,0.107743305,lai_mean,Zero_Flow_Days_sum
-3.013365122,0.063711504,spei6_drought_count,Zero_Flow_Days_sum
-2.859303297,0.063711504,spei6_drought_count,Zero_Flow_Days_sum
-2.705241471,0.063711504,spei6_drought_count,Zero_Flow_Days_sum
-2.551179645,0.070017108,spei6_drought_count,Zero_Flow_Days_sum
-2.39711782,0.070017108,spei6_drought_count,Zero_Flow_Days_sum
-2.243055994,0.071398554,spei6_drought_count,Zero_Flow_Days_sum
-2.088994169,0.072478188,spei6_drought_count,Zero_Flow_Days_sum
-1.934932343,0.072478188,spei6_drought_count,Zero_Flow_Days_sum
-1.780870517,0.072478188,spei6_drought_count,Zero_Flow_Days_sum
-1.626808692,0.072478188,spei6_drought_count,Zero_Flow_Days_sum
-1.472746866,0.072585969,spei6_drought_count,Zero_Flow_Days_sum
-1.31868504,0.069633017,spei6_drought_count,Zero_Flow_Days_sum
-1.164623215,0.067347289,spei6_drought_count,Zero_Flow_Days_sum
-1.010561389,0.067060322,spei6_drought_count,Zero_Flow_Days_sum
-0.856499564,0.066727835,spei6_drought_count,Zero_Flow_Days_sum
-0.702437738,0.069807535,spei6_drought_count,Zero_Flow_Days_sum
-0.548375912,0.070135143,spei6_drought_count,Zero_Flow_Days_sum
-0.394314087,0.073814287,spei6_drought_count,Zero_Flow_Days_sum
-0.240252261,0.078248244,spei6_drought_count,Zero_Flow_Days_sum
-0.086190436,0.082708279,spei6_drought_count,Zero_Flow_Days_sum
0.06787139,0.100134987,spei6_drought_count,Zero_Flow_Days_sum
0.221933216,0.103149687,spei6_drought_count,Zero_Flow_Days_sum
0.375995041,0.106695475,spei6_drought_count,Zero_Flow_Days_sum
0.530056867,0.104387529,spei6_drought_count,Zero_Flow_Days_sum
0.684118693,0.105131197,spei6_drought_count,Zero_Flow_Days_sum
0.838180518,0.106945164,spei6_drought_count,Zero_Flow_Days_sum
0.992242344,0.107315482,spei6_drought_count,Zero_Flow_Days_sum
1.146304169,0.107716787,spei6_drought_count,Zero_Flow_Days_sum
1.300365995,0.110500069,spei6_drought_count,Zero_Flow_Days_sum
1.454427821,0.114787601,spei6_drought_count,Zero_Flow_Days_sum
1.608489646,0.11643884,spei6_drought_count,Zero_Flow_Days_sum
1.762551472,0.116458165,spei6_drought_count,Zero_Flow_Days_sum
1.916613297,0.116458165,spei6_drought_count,Zero_Flow_Days_sum
2.070675123,0.11661679,spei6_drought_count,Zero_Flow_Days_sum
2.224736949,0.116869944,spei6_drought_count,Zero_Flow_Days_sum
2.378798774,0.116924807,spei6_drought_count,Zero_Flow_Days_sum
2.5328606,0.117116745,spei6_drought_count,Zero_Flow_Days_sum
2.686922426,0.117116745,spei6_drought_count,Zero_Flow_Days_sum
-2.216377141,0.087691352,spei3_drought_count,Zero_Flow_Days_sum
-2.131363923,0.087691352,spei3_drought_count,Zero_Flow_Days_sum
-2.046350704,0.087712009,spei3_drought_count,Zero_Flow_Days_sum
-1.961337485,0.087712009,spei3_drought_count,Zero_Flow_Days_sum
-1.876324267,0.08765337,spei3_drought_count,Zero_Flow_Days_sum
-1.791311048,0.087746296,spei3_drought_count,Zero_Flow_Days_sum
-1.706297829,0.087746296,spei3_drought_count,Zero_Flow_Days_sum
-1.62128461,0.087738844,spei3_drought_count,Zero_Flow_Days_sum
-1.536271392,0.087748215,spei3_drought_count,Zero_Flow_Days_sum
-1.451258173,0.088547162,spei3_drought_count,Zero_Flow_Days_sum
-1.366244954,0.089436502,spei3_drought_count,Zero_Flow_Days_sum
-1.281231736,0.089083272,spei3_drought_count,Zero_Flow_Days_sum
-1.196218517,0.088809616,spei3_drought_count,Zero_Flow_Days_sum
-1.111205298,0.0893173,spei3_drought_count,Zero_Flow_Days_sum
-1.02619208,0.08886581,spei3_drought_count,Zero_Flow_Days_sum
-0.941178861,0.088567039,spei3_drought_count,Zero_Flow_Days_sum
-0.856165642,0.088244795,spei3_drought_count,Zero_Flow_Days_sum
-0.771152423,0.088053516,spei3_drought_count,Zero_Flow_Days_sum
-0.686139205,0.088293803,spei3_drought_count,Zero_Flow_Days_sum
-0.601125986,0.088440803,spei3_drought_count,Zero_Flow_Days_sum
-0.516112767,0.088833306,spei3_drought_count,Zero_Flow_Days_sum
-0.431099549,0.087781182,spei3_drought_count,Zero_Flow_Days_sum
-0.34608633,0.084126348,spei3_drought_count,Zero_Flow_Days_sum
-0.261073111,0.082997797,spei3_drought_count,Zero_Flow_Days_sum
-0.176059893,0.082384086,spei3_drought_count,Zero_Flow_Days_sum
-0.091046674,0.082005419,spei3_drought_count,Zero_Flow_Days_sum
-0.006033455,0.081427605,spei3_drought_count,Zero_Flow_Days_sum
0.078979764,0.081802915,spei3_drought_count,Zero_Flow_Days_sum
0.163992982,0.083001968,spei3_drought_count,Zero_Flow_Days_sum
0.249006201,0.084732501,spei3_drought_count,Zero_Flow_Days_sum
0.33401942,0.089790799,spei3_drought_count,Zero_Flow_Days_sum
0.419032638,0.090429605,spei3_drought_count,Zero_Flow_Days_sum
0.504045857,0.090633388,spei3_drought_count,Zero_Flow_Days_sum
0.589059076,0.088753777,spei3_drought_count,Zero_Flow_Days_sum
0.674072294,0.09201424,spei3_drought_count,Zero_Flow_Days_sum
0.759085513,0.091132995,spei3_drought_count,Zero_Flow_Days_sum
0.844098732,0.091937235,spei3_drought_count,Zero_Flow_Days_sum
0.929111951,0.092006491,spei3_drought_count,Zero_Flow_Days_sum
1.014125169,0.091679717,spei3_drought_count,Zero_Flow_Days_sum
1.099138388,0.091013736,spei3_drought_count,Zero_Flow_Days_sum
1.184151607,0.086830259,spei3_drought_count,Zero_Flow_Days_sum
1.269164825,0.085255157,spei3_drought_count,Zero_Flow_Days_sum
1.354178044,0.080586124,spei3_drought_count,Zero_Flow_Days_sum
1.439191263,0.08038724,spei3_drought_count,Zero_Flow_Days_sum
1.524204481,0.080275016,spei3_drought_count,Zero_Flow_Days_sum
1.6092177,0.079397101,spei3_drought_count,Zero_Flow_Days_sum
1.694230919,0.07902732,spei3_drought_count,Zero_Flow_Days_sum
1.779244138,0.076997894,spei3_drought_count,Zero_Flow_Days_sum
1.864257356,0.075180935,spei3_drought_count,Zero_Flow_Days_sum
1.949270575,0.073330243,spei3_drought_count,Zero_Flow_Days_sum
2.034283794,0.07335901,spei3_drought_count,Zero_Flow_Days_sum
-1.849804485,0.075237647,elev_mean,Zero_Flow_Days_sum
-1.738733316,0.075237647,elev_mean,Zero_Flow_Days_sum
-1.627662147,0.07472065,elev_mean,Zero_Flow_Days_sum
-1.516590978,0.075328057,elev_mean,Zero_Flow_Days_sum
-1.405519809,0.076982392,elev_mean,Zero_Flow_Days_sum
-1.29444864,0.077120287,elev_mean,Zero_Flow_Days_sum
-1.183377471,0.079030486,elev_mean,Zero_Flow_Days_sum
-1.072306302,0.077839107,elev_mean,Zero_Flow_Days_sum
-0.961235133,0.082774246,elev_mean,Zero_Flow_Days_sum
-0.850163964,0.082384931,elev_mean,Zero_Flow_Days_sum
-0.739092795,0.091567609,elev_mean,Zero_Flow_Days_sum
-0.628021626,0.091850036,elev_mean,Zero_Flow_Days_sum
-0.516950457,0.093616468,elev_mean,Zero_Flow_Days_sum
-0.405879288,0.093830234,elev_mean,Zero_Flow_Days_sum
-0.294808119,0.093804553,elev_mean,Zero_Flow_Days_sum
-0.18373695,0.091838828,elev_mean,Zero_Flow_Days_sum
-0.072665781,0.092534301,elev_mean,Zero_Flow_Days_sum
0.038405388,0.092843206,elev_mean,Zero_Flow_Days_sum
0.149476557,0.093084374,elev_mean,Zero_Flow_Days_sum
0.260547726,0.093917539,elev_mean,Zero_Flow_Days_sum
0.371618895,0.094188364,elev_mean,Zero_Flow_Days_sum
0.482690064,0.097440101,elev_mean,Zero_Flow_Days_sum
0.593761234,0.085994589,elev_mean,Zero_Flow_Days_sum
0.704832403,0.084068365,elev_mean,Zero_Flow_Days_sum
0.815903572,0.082998842,elev_mean,Zero_Flow_Days_sum
0.926974741,0.078893833,elev_mean,Zero_Flow_Days_sum
1.03804591,0.076336558,elev_mean,Zero_Flow_Days_sum
1.149117079,0.07634437,elev_mean,Zero_Flow_Days_sum
1.260188248,0.075934469,elev_mean,Zero_Flow_Days_sum
1.371259417,0.073615056,elev_mean,Zero_Flow_Days_sum
1.482330586,0.06551379,elev_mean,Zero_Flow_Days_sum
1.593401755,0.051378671,elev_mean,Zero_Flow_Days_sum
1.704472924,0.051378671,elev_mean,Zero_Flow_Days_sum
1.815544093,0.051663425,elev_mean,Zero_Flow_Days_sum
1.926615262,0.051598275,elev_mean,Zero_Flow_Days_sum
2.037686431,0.051631455,elev_mean,Zero_Flow_Days_sum
2.1487576,0.05158108,elev_mean,Zero_Flow_Days_sum
2.259828769,0.051652618,elev_mean,Zero_Flow_Days_sum
2.370899938,0.051797943,elev_mean,Zero_Flow_Days_sum
2.481971107,0.051797943,elev_mean,Zero_Flow_Days_sum
2.593042276,0.051797943,elev_mean,Zero_Flow_Days_sum
2.704113445,0.051797943,elev_mean,Zero_Flow_Days_sum
2.815184614,0.051797943,elev_mean,Zero_Flow_Days_sum
2.926255783,0.051797943,elev_mean,Zero_Flow_Days_sum
3.037326952,0.051797943,elev_mean,Zero_Flow_Days_sum
3.148398121,0.051797943,elev_mean,Zero_Flow_Days_sum
3.25946929,0.051797943,elev_mean,Zero_Flow_Days_sum
3.370540459,0.051797943,elev_mean,Zero_Flow_Days_sum
3.481611628,0.051797943,elev_mean,Zero_Flow_Days_sum
3.592682797,0.051797943,elev_mean,Zero_Flow_Days_sum
3.703753966,0.051797943,elev_mean,Zero_Flow_Days_sum
-1.899349802,0.100828814,soil_awc_top,Zero_Flow_Days_sum
-1.809213391,0.100828814,soil_awc_top,Zero_Flow_Days_sum
-1.719076979,0.100828814,soil_awc_top,Zero_Flow_Days_sum
-1.628940568,0.100586498,soil_awc_top,Zero_Flow_Days_sum
-1.538804157,0.100280567,soil_awc_top,Zero_Flow_Days_sum
-1.448667746,0.100159219,soil_awc_top,Zero_Flow_Days_sum
-1.358531334,0.099690254,soil_awc_top,Zero_Flow_Days_sum
-1.268394923,0.099523343,soil_awc_top,Zero_Flow_Days_sum
-1.178258512,0.102722378,soil_awc_top,Zero_Flow_Days_sum
-1.0881221,0.104031124,soil_awc_top,Zero_Flow_Days_sum
-0.997985689,0.103052358,soil_awc_top,Zero_Flow_Days_sum
-0.907849278,0.101706642,soil_awc_top,Zero_Flow_Days_sum
-0.817712866,0.101077443,soil_awc_top,Zero_Flow_Days_sum
-0.727576455,0.099920075,soil_awc_top,Zero_Flow_Days_sum
-0.637440044,0.099020083,soil_awc_top,Zero_Flow_Days_sum
-0.547303632,0.098699066,soil_awc_top,Zero_Flow_Days_sum
-0.457167221,0.098262406,soil_awc_top,Zero_Flow_Days_sum
-0.36703081,0.098295869,soil_awc_top,Zero_Flow_Days_sum
-0.276894398,0.097616952,soil_awc_top,Zero_Flow_Days_sum
-0.186757987,0.097683573,soil_awc_top,Zero_Flow_Days_sum
-0.096621576,0.096635669,soil_awc_top,Zero_Flow_Days_sum
-0.006485164,0.097683309,soil_awc_top,Zero_Flow_Days_sum
0.083651247,0.09533111,soil_awc_top,Zero_Flow_Days_sum
0.173787658,0.083123671,soil_awc_top,Zero_Flow_Days_sum
0.26392407,0.083671502,soil_awc_top,Zero_Flow_Days_sum
0.354060481,0.082041732,soil_awc_top,Zero_Flow_Days_sum
0.444196892,0.079685017,soil_awc_top,Zero_Flow_Days_sum
0.534333304,0.068013369,soil_awc_top,Zero_Flow_Days_sum
0.624469715,0.063287083,soil_awc_top,Zero_Flow_Days_sum
0.714606126,0.053900252,soil_awc_top,Zero_Flow_Days_sum
0.804742538,0.05148559,soil_awc_top,Zero_Flow_Days_sum
0.894878949,0.051157293,soil_awc_top,Zero_Flow_Days_sum
0.98501536,0.051035321,soil_awc_top,Zero_Flow_Days_sum
1.075151772,0.051737402,soil_awc_top,Zero_Flow_Days_sum
1.165288183,0.052490548,soil_awc_top,Zero_Flow_Days_sum
1.255424594,0.059175081,soil_awc_top,Zero_Flow_Days_sum
1.345561006,0.059354107,soil_awc_top,Zero_Flow_Days_sum
1.435697417,0.059337909,soil_awc_top,Zero_Flow_Days_sum
1.525833828,0.058333194,soil_awc_top,Zero_Flow_Days_sum
1.615970239,0.058125336,soil_awc_top,Zero_Flow_Days_sum
1.706106651,0.059163837,soil_awc_top,Zero_Flow_Days_sum
1.796243062,0.059185577,soil_awc_top,Zero_Flow_Days_sum
1.886379473,0.059293834,soil_awc_top,Zero_Flow_Days_sum
1.976515885,0.060204627,soil_awc_top,Zero_Flow_Days_sum
2.066652296,0.061876693,soil_awc_top,Zero_Flow_Days_sum
2.156788707,0.062347004,soil_awc_top,Zero_Flow_Days_sum
2.246925119,0.062780382,soil_awc_top,Zero_Flow_Days_sum
2.33706153,0.063111175,soil_awc_top,Zero_Flow_Days_sum
2.427197941,0.063111175,soil_awc_top,Zero_Flow_Days_sum
2.517334353,0.063111175,soil_awc_top,Zero_Flow_Days_sum
2.607470764,0.063135551,soil_awc_top,Zero_Flow_Days_sum
-2.513455229,0.077574255,srad_lw.w.m2.,Zero_Flow_Days_sum
-2.407576786,0.077574255,srad_lw.w.m2.,Zero_Flow_Days_sum
-2.301698344,0.077574255,srad_lw.w.m2.,Zero_Flow_Days_sum
-2.195819901,0.077653429,srad_lw.w.m2.,Zero_Flow_Days_sum
-2.089941459,0.077653429,srad_lw.w.m2.,Zero_Flow_Days_sum
-1.984063016,0.077653429,srad_lw.w.m2.,Zero_Flow_Days_sum
-1.878184574,0.077653429,srad_lw.w.m2.,Zero_Flow_Days_sum
-1.772306131,0.077653429,srad_lw.w.m2.,Zero_Flow_Days_sum
-1.666427688,0.07771023,srad_lw.w.m2.,Zero_Flow_Days_sum
-1.560549246,0.077887945,srad_lw.w.m2.,Zero_Flow_Days_sum
-1.454670803,0.077886244,srad_lw.w.m2.,Zero_Flow_Days_sum
-1.348792361,0.078053912,srad_lw.w.m2.,Zero_Flow_Days_sum
-1.242913918,0.077672338,srad_lw.w.m2.,Zero_Flow_Days_sum
-1.137035476,0.076102365,srad_lw.w.m2.,Zero_Flow_Days_sum
-1.031157033,0.076344383,srad_lw.w.m2.,Zero_Flow_Days_sum
-0.92527859,0.076556924,srad_lw.w.m2.,Zero_Flow_Days_sum
-0.819400148,0.076772326,srad_lw.w.m2.,Zero_Flow_Days_sum
-0.713521705,0.07551531,srad_lw.w.m2.,Zero_Flow_Days_sum
-0.607643263,0.074588047,srad_lw.w.m2.,Zero_Flow_Days_sum
-0.50176482,0.073065734,srad_lw.w.m2.,Zero_Flow_Days_sum
-0.395886377,0.070618374,srad_lw.w.m2.,Zero_Flow_Days_sum
-0.290007935,0.071966398,srad_lw.w.m2.,Zero_Flow_Days_sum
-0.184129492,0.089565618,srad_lw.w.m2.,Zero_Flow_Days_sum
-0.07825105,0.098208605,srad_lw.w.m2.,Zero_Flow_Days_sum
0.027627393,0.096806888,srad_lw.w.m2.,Zero_Flow_Days_sum
0.133505835,0.097398492,srad_lw.w.m2.,Zero_Flow_Days_sum
0.239384278,0.095876286,srad_lw.w.m2.,Zero_Flow_Days_sum
0.345262721,0.099285467,srad_lw.w.m2.,Zero_Flow_Days_sum
0.451141163,0.099824813,srad_lw.w.m2.,Zero_Flow_Days_sum
0.557019606,0.100604835,srad_lw.w.m2.,Zero_Flow_Days_sum
0.662898048,0.100251006,srad_lw.w.m2.,Zero_Flow_Days_sum
0.768776491,0.09869296,srad_lw.w.m2.,Zero_Flow_Days_sum
0.874654933,0.098131283,srad_lw.w.m2.,Zero_Flow_Days_sum
0.980533376,0.098021525,srad_lw.w.m2.,Zero_Flow_Days_sum
1.086411819,0.097915896,srad_lw.w.m2.,Zero_Flow_Days_sum
1.192290261,0.094674443,srad_lw.w.m2.,Zero_Flow_Days_sum
1.298168704,0.094296071,srad_lw.w.m2.,Zero_Flow_Days_sum
1.404047146,0.092344329,srad_lw.w.m2.,Zero_Flow_Days_sum
1.509925589,0.082639358,srad_lw.w.m2.,Zero_Flow_Days_sum
1.615804031,0.081829881,srad_lw.w.m2.,Zero_Flow_Days_sum
1.721682474,0.084475205,srad_lw.w.m2.,Zero_Flow_Days_sum
1.827560917,0.09242213,srad_lw.w.m2.,Zero_Flow_Days_sum
1.933439359,0.092674101,srad_lw.w.m2.,Zero_Flow_Days_sum
2.039317802,0.092787008,srad_lw.w.m2.,Zero_Flow_Days_sum
2.145196244,0.092787008,srad_lw.w.m2.,Zero_Flow_Days_sum
2.251074687,0.092737556,srad_lw.w.m2.,Zero_Flow_Days_sum
2.356953129,0.092927048,srad_lw.w.m2.,Zero_Flow_Days_sum
2.462831572,0.09424697,srad_lw.w.m2.,Zero_Flow_Days_sum
2.568710015,0.09424697,srad_lw.w.m2.,Zero_Flow_Days_sum
2.674588457,0.09424697,srad_lw.w.m2.,Zero_Flow_Days_sum
2.7804669,0.093909621,srad_lw.w.m2.,Zero_Flow_Days_sum
-0.185898218,0.122587005,res_store_sum,mean_dry_down_days
0.268084551,0.090504404,res_store_sum,mean_dry_down_days
0.72206732,0.087544516,res_store_sum,mean_dry_down_days
1.176050089,-0.046992256,res_store_sum,mean_dry_down_days
1.630032858,-0.046992256,res_store_sum,mean_dry_down_days
2.084015627,-0.046992256,res_store_sum,mean_dry_down_days
2.537998397,-0.046992256,res_store_sum,mean_dry_down_days
2.991981166,-0.046992256,res_store_sum,mean_dry_down_days
3.445963935,-0.046992256,res_store_sum,mean_dry_down_days
3.899946704,-0.046992256,res_store_sum,mean_dry_down_days
4.353929473,-0.046992256,res_store_sum,mean_dry_down_days
4.807912242,-0.046992256,res_store_sum,mean_dry_down_days
5.261895011,-0.047862307,res_store_sum,mean_dry_down_days
5.71587778,-0.046423773,res_store_sum,mean_dry_down_days
6.169860549,-0.046423773,res_store_sum,mean_dry_down_days
6.623843318,-0.046423773,res_store_sum,mean_dry_down_days
7.077826087,-0.046423773,res_store_sum,mean_dry_down_days
7.531808856,-0.046423773,res_store_sum,mean_dry_down_days
7.985791625,-0.046423773,res_store_sum,mean_dry_down_days
8.439774394,-0.046423773,res_store_sum,mean_dry_down_days
8.893757163,-0.046423773,res_store_sum,mean_dry_down_days
9.347739933,-0.046423773,res_store_sum,mean_dry_down_days
9.801722702,-0.046423773,res_store_sum,mean_dry_down_days
-1.914916131,0.099961097,elev_mean,mean_dry_down_days
-1.807727447,0.099961097,elev_mean,mean_dry_down_days
-1.700538762,0.089114979,elev_mean,mean_dry_down_days
-1.593350078,0.089114979,elev_mean,mean_dry_down_days
-1.486161394,0.075989293,elev_mean,mean_dry_down_days
-1.378972709,0.074376536,elev_mean,mean_dry_down_days
-1.271784025,0.075315879,elev_mean,mean_dry_down_days
-1.16459534,0.060757704,elev_mean,mean_dry_down_days
-1.057406656,0.054731636,elev_mean,mean_dry_down_days
-0.950217972,0.045176562,elev_mean,mean_dry_down_days
-0.843029287,0.023543878,elev_mean,mean_dry_down_days
-0.735840603,0.021377766,elev_mean,mean_dry_down_days
-0.628651919,0.052130473,elev_mean,mean_dry_down_days
-0.521463234,0.080476855,elev_mean,mean_dry_down_days
-0.41427455,0.104101153,elev_mean,mean_dry_down_days
-0.307085865,0.096459268,elev_mean,mean_dry_down_days
-0.199897181,0.114688314,elev_mean,mean_dry_down_days
-0.092708497,0.121999377,elev_mean,mean_dry_down_days
0.014480188,0.136015915,elev_mean,mean_dry_down_days
0.121668872,0.135788647,elev_mean,mean_dry_down_days
0.228857556,0.114141848,elev_mean,mean_dry_down_days
0.336046241,0.153656482,elev_mean,mean_dry_down_days
0.443234925,0.169448306,elev_mean,mean_dry_down_days
0.55042361,0.173301604,elev_mean,mean_dry_down_days
0.657612294,0.166307242,elev_mean,mean_dry_down_days
0.764800978,0.149637108,elev_mean,mean_dry_down_days
0.871989663,0.140147053,elev_mean,mean_dry_down_days
0.979178347,0.148380804,elev_mean,mean_dry_down_days
1.086367031,0.139908411,elev_mean,mean_dry_down_days
1.193555716,0.134687824,elev_mean,mean_dry_down_days
1.3007444,0.135212849,elev_mean,mean_dry_down_days
1.407933084,0.136049588,elev_mean,mean_dry_down_days
1.515121769,0.138532067,elev_mean,mean_dry_down_days
1.622310453,0.137786047,elev_mean,mean_dry_down_days
1.729499138,0.137786047,elev_mean,mean_dry_down_days
1.836687822,0.12963866,elev_mean,mean_dry_down_days
1.943876506,0.096579413,elev_mean,mean_dry_down_days
2.051065191,0.096188345,elev_mean,mean_dry_down_days
2.158253875,0.096188345,elev_mean,mean_dry_down_days
2.265442559,0.096109657,elev_mean,mean_dry_down_days
2.372631244,0.095704787,elev_mean,mean_dry_down_days
2.479819928,0.095704787,elev_mean,mean_dry_down_days
2.587008613,0.092274475,elev_mean,mean_dry_down_days
2.694197297,0.089474756,elev_mean,mean_dry_down_days
2.801385981,0.084403597,elev_mean,mean_dry_down_days
2.908574666,0.084403597,elev_mean,mean_dry_down_days
3.01576335,0.084403597,elev_mean,mean_dry_down_days
3.122952034,0.084403597,elev_mean,mean_dry_down_days
3.230140719,0.084403597,elev_mean,mean_dry_down_days
3.337329403,0.084403597,elev_mean,mean_dry_down_days
3.444518088,0.084403597,elev_mean,mean_dry_down_days
-2.773519528,0.248038605,pet_mam,mean_dry_down_days
-2.678870008,0.248038605,pet_mam,mean_dry_down_days
-2.584220488,0.248038605,pet_mam,mean_dry_down_days
-2.489570967,0.248038605,pet_mam,mean_dry_down_days
-2.394921447,0.248038605,pet_mam,mean_dry_down_days
-2.300271926,0.247230259,pet_mam,mean_dry_down_days
-2.205622406,0.247230259,pet_mam,mean_dry_down_days
-2.110972885,0.242663392,pet_mam,mean_dry_down_days
-2.016323365,0.233560818,pet_mam,mean_dry_down_days
-1.921673844,0.233234678,pet_mam,mean_dry_down_days
-1.827024324,0.232366197,pet_mam,mean_dry_down_days
-1.732374803,0.223349878,pet_mam,mean_dry_down_days
-1.637725283,0.143915986,pet_mam,mean_dry_down_days
-1.543075763,0.135590806,pet_mam,mean_dry_down_days
-1.448426242,0.133951212,pet_mam,mean_dry_down_days
-1.353776722,0.133954285,pet_mam,mean_dry_down_days
-1.259127201,0.148131857,pet_mam,mean_dry_down_days
-1.164477681,0.137377786,pet_mam,mean_dry_down_days
-1.06982816,0.142094906,pet_mam,mean_dry_down_days
-0.97517864,0.137975629,pet_mam,mean_dry_down_days
-0.880529119,0.132420646,pet_mam,mean_dry_down_days
-0.785879599,0.091941558,pet_mam,mean_dry_down_days
-0.691230078,0.091289913,pet_mam,mean_dry_down_days
-0.596580558,0.107802229,pet_mam,mean_dry_down_days
-0.501931038,0.082697745,pet_mam,mean_dry_down_days
-0.407281517,0.090405443,pet_mam,mean_dry_down_days
-0.312631997,0.082726405,pet_mam,mean_dry_down_days
-0.217982476,0.070711387,pet_mam,mean_dry_down_days
-0.123332956,0.062119918,pet_mam,mean_dry_down_days
-0.028683435,0.059931466,pet_mam,mean_dry_down_days
0.065966085,0.06638542,pet_mam,mean_dry_down_days
0.160615606,0.081367992,pet_mam,mean_dry_down_days
0.255265126,0.077828628,pet_mam,mean_dry_down_days
0.349914647,0.078827694,pet_mam,mean_dry_down_days
0.444564167,0.076521298,pet_mam,mean_dry_down_days
0.539213687,0.067671546,pet_mam,mean_dry_down_days
0.633863208,0.066691167,pet_mam,mean_dry_down_days
0.728512728,0.065541977,pet_mam,mean_dry_down_days
0.823162249,0.101204343,pet_mam,mean_dry_down_days
0.917811769,0.105526822,pet_mam,mean_dry_down_days
1.01246129,0.110299621,pet_mam,mean_dry_down_days
1.10711081,0.118140224,pet_mam,mean_dry_down_days
1.201760331,0.120188858,pet_mam,mean_dry_down_days
1.296409851,0.118334201,pet_mam,mean_dry_down_days
1.391059372,0.114527583,pet_mam,mean_dry_down_days
1.485708892,0.122358884,pet_mam,mean_dry_down_days
1.580358412,0.096026563,pet_mam,mean_dry_down_days
1.675007933,0.114150586,pet_mam,mean_dry_down_days
1.769657453,0.119299239,pet_mam,mean_dry_down_days
1.864306974,0.13808241,pet_mam,mean_dry_down_days
1.958956494,0.146035859,pet_mam,mean_dry_down_days
-3.384382297,0.113313078,org_carb_sub_mean,mean_dry_down_days
-3.27057569,0.113313078,org_carb_sub_mean,mean_dry_down_days
-3.156769082,0.113313078,org_carb_sub_mean,mean_dry_down_days
-3.042962475,0.081129228,org_carb_sub_mean,mean_dry_down_days
-2.929155868,0.07782945,org_carb_sub_mean,mean_dry_down_days
-2.81534926,0.07782945,org_carb_sub_mean,mean_dry_down_days
-2.701542653,0.07782945,org_carb_sub_mean,mean_dry_down_days
-2.587736045,0.077340045,org_carb_sub_mean,mean_dry_down_days
-2.473929438,0.077309396,org_carb_sub_mean,mean_dry_down_days
-2.36012283,0.077406918,org_carb_sub_mean,mean_dry_down_days
-2.246316223,0.077453922,org_carb_sub_mean,mean_dry_down_days
-2.132509616,0.079937635,org_carb_sub_mean,mean_dry_down_days
-2.018703008,0.079672305,org_carb_sub_mean,mean_dry_down_days
-1.904896401,0.095139152,org_carb_sub_mean,mean_dry_down_days
-1.791089793,0.095602017,org_carb_sub_mean,mean_dry_down_days
-1.677283186,0.095112896,org_carb_sub_mean,mean_dry_down_days
-1.563476578,0.096695136,org_carb_sub_mean,mean_dry_down_days
-1.449669971,0.096593,org_carb_sub_mean,mean_dry_down_days
-1.335863364,0.096838921,org_carb_sub_mean,mean_dry_down_days
-1.222056756,0.087133976,org_carb_sub_mean,mean_dry_down_days
-1.108250149,0.084067777,org_carb_sub_mean,mean_dry_down_days
-0.994443541,0.089489426,org_carb_sub_mean,mean_dry_down_days
-0.880636934,0.085978411,org_carb_sub_mean,mean_dry_down_days
-0.766830327,0.094895681,org_carb_sub_mean,mean_dry_down_days
-0.653023719,0.109920333,org_carb_sub_mean,mean_dry_down_days
-0.539217112,0.107409532,org_carb_sub_mean,mean_dry_down_days
-0.425410504,0.09345187,org_carb_sub_mean,mean_dry_down_days
-0.311603897,0.080935922,org_carb_sub_mean,mean_dry_down_days
-0.197797289,0.080389568,org_carb_sub_mean,mean_dry_down_days
-0.083990682,0.074388933,org_carb_sub_mean,mean_dry_down_days
0.029815925,0.089851579,org_carb_sub_mean,mean_dry_down_days
0.143622533,0.076673726,org_carb_sub_mean,mean_dry_down_days
0.25742914,0.084256835,org_carb_sub_mean,mean_dry_down_days
0.371235748,0.087260319,org_carb_sub_mean,mean_dry_down_days
0.485042355,0.084029858,org_carb_sub_mean,mean_dry_down_days
0.598848963,0.102275761,org_carb_sub_mean,mean_dry_down_days
0.71265557,0.105661914,org_carb_sub_mean,mean_dry_down_days
0.826462177,0.22792878,org_carb_sub_mean,mean_dry_down_days
0.940268785,0.209776121,org_carb_sub_mean,mean_dry_down_days
1.054075392,0.19472904,org_carb_sub_mean,mean_dry_down_days
1.167882,0.191279386,org_carb_sub_mean,mean_dry_down_days
1.281688607,0.194588784,org_carb_sub_mean,mean_dry_down_days
1.395495215,0.186953304,org_carb_sub_mean,mean_dry_down_days
1.509301822,0.186953304,org_carb_sub_mean,mean_dry_down_days
1.623108429,0.188720054,org_carb_sub_mean,mean_dry_down_days
1.736915037,0.189105002,org_carb_sub_mean,mean_dry_down_days
1.850721644,0.189858181,org_carb_sub_mean,mean_dry_down_days
1.964528252,0.189858181,org_carb_sub_mean,mean_dry_down_days
2.078334859,0.189858181,org_carb_sub_mean,mean_dry_down_days
2.192141467,0.189858181,org_carb_sub_mean,mean_dry_down_days
2.305948074,0.189858181,org_carb_sub_mean,mean_dry_down_days
-1.949427648,-0.113646655,srad_sw.w.m2.,hydro_doy
-1.880376999,-0.114255109,srad_sw.w.m2.,hydro_doy
-1.81132635,-0.114808521,srad_sw.w.m2.,hydro_doy
-1.742275701,-0.117227249,srad_sw.w.m2.,hydro_doy
-1.673225052,-0.11709726,srad_sw.w.m2.,hydro_doy
-1.604174403,-0.11304067,srad_sw.w.m2.,hydro_doy
-1.535123754,-0.123030975,srad_sw.w.m2.,hydro_doy
-1.466073105,-0.120745017,srad_sw.w.m2.,hydro_doy
-1.397022456,-0.121078068,srad_sw.w.m2.,hydro_doy
-1.327971807,-0.124539253,srad_sw.w.m2.,hydro_doy
-1.258921158,-0.125708339,srad_sw.w.m2.,hydro_doy
-1.189870509,-0.127056185,srad_sw.w.m2.,hydro_doy
-1.12081986,-0.124497447,srad_sw.w.m2.,hydro_doy
-1.051769211,-0.121508029,srad_sw.w.m2.,hydro_doy
-0.982718562,-0.119523497,srad_sw.w.m2.,hydro_doy
-0.913667913,-0.119042806,srad_sw.w.m2.,hydro_doy
-0.844617264,-0.115144661,srad_sw.w.m2.,hydro_doy
-0.775566615,-0.117548457,srad_sw.w.m2.,hydro_doy
-0.706515966,-0.118051376,srad_sw.w.m2.,hydro_doy
-0.637465317,-0.118331125,srad_sw.w.m2.,hydro_doy
-0.568414667,-0.118943175,srad_sw.w.m2.,hydro_doy
-0.499364018,-0.122544402,srad_sw.w.m2.,hydro_doy
-0.430313369,-0.122735775,srad_sw.w.m2.,hydro_doy
-0.36126272,-0.122367244,srad_sw.w.m2.,hydro_doy
-0.292212071,-0.122218806,srad_sw.w.m2.,hydro_doy
-0.223161422,-0.121466308,srad_sw.w.m2.,hydro_doy
-0.154110773,-0.112052384,srad_sw.w.m2.,hydro_doy
-0.085060124,-0.110935816,srad_sw.w.m2.,hydro_doy
-0.016009475,-0.110743338,srad_sw.w.m2.,hydro_doy
0.053041174,-0.099687073,srad_sw.w.m2.,hydro_doy
0.122091823,-0.09643178,srad_sw.w.m2.,hydro_doy
0.191142472,-0.09661233,srad_sw.w.m2.,hydro_doy
0.260193121,-0.098797414,srad_sw.w.m2.,hydro_doy
0.32924377,-0.099336374,srad_sw.w.m2.,hydro_doy
0.398294419,-0.098717344,srad_sw.w.m2.,hydro_doy
0.467345068,-0.099827868,srad_sw.w.m2.,hydro_doy
0.536395717,-0.099898783,srad_sw.w.m2.,hydro_doy
0.605446366,-0.100056572,srad_sw.w.m2.,hydro_doy
0.674497015,-0.102116464,srad_sw.w.m2.,hydro_doy
0.743547664,-0.10243653,srad_sw.w.m2.,hydro_doy
0.812598313,-0.101960113,srad_sw.w.m2.,hydro_doy
0.881648962,-0.102996669,srad_sw.w.m2.,hydro_doy
0.950699611,-0.106658485,srad_sw.w.m2.,hydro_doy
1.01975026,-0.108954276,srad_sw.w.m2.,hydro_doy
1.088800909,-0.101981988,srad_sw.w.m2.,hydro_doy
1.157851558,-0.103527132,srad_sw.w.m2.,hydro_doy
1.226902207,-0.102592879,srad_sw.w.m2.,hydro_doy
1.295952856,-0.099223909,srad_sw.w.m2.,hydro_doy
1.365003505,-0.095710151,srad_sw.w.m2.,hydro_doy
1.434054154,-0.093682291,srad_sw.w.m2.,hydro_doy
1.503104803,-0.094555453,srad_sw.w.m2.,hydro_doy
-0.759317439,-0.095966663,urban_pct,hydro_doy
-0.59514736,-0.126448572,urban_pct,hydro_doy
-0.430977281,-0.119986626,urban_pct,hydro_doy
-0.266807202,-0.119269932,urban_pct,hydro_doy
-0.102637123,-0.121391223,urban_pct,hydro_doy
0.061532956,-0.124292636,urban_pct,hydro_doy
0.225703035,-0.119854287,urban_pct,hydro_doy
0.389873114,-0.114593162,urban_pct,hydro_doy
0.554043194,-0.117162207,urban_pct,hydro_doy
0.718213273,-0.098708692,urban_pct,hydro_doy
0.882383352,-0.096621318,urban_pct,hydro_doy
1.046553431,-0.094943703,urban_pct,hydro_doy
1.21072351,-0.093241836,urban_pct,hydro_doy
1.374893589,-0.091189033,urban_pct,hydro_doy
1.539063668,-0.089493664,urban_pct,hydro_doy
1.703233747,-0.089040994,urban_pct,hydro_doy
1.867403826,-0.088210685,urban_pct,hydro_doy
2.031573905,-0.088210685,urban_pct,hydro_doy
2.195743984,-0.088209018,urban_pct,hydro_doy
2.359914063,-0.087658733,urban_pct,hydro_doy
2.524084143,-0.087664121,urban_pct,hydro_doy
2.688254222,-0.086629356,urban_pct,hydro_doy
2.852424301,-0.086047713,urban_pct,hydro_doy
3.01659438,-0.085935429,urban_pct,hydro_doy
3.180764459,-0.085935429,urban_pct,hydro_doy
3.344934538,-0.085935429,urban_pct,hydro_doy
3.509104617,-0.085935429,urban_pct,hydro_doy
3.673274696,-0.085892698,urban_pct,hydro_doy
3.837444775,-0.085837436,urban_pct,hydro_doy
4.001614854,-0.085578727,urban_pct,hydro_doy
4.165784933,-0.085537267,urban_pct,hydro_doy
4.329955012,-0.084979773,urban_pct,hydro_doy
4.494125092,-0.084969071,urban_pct,hydro_doy
4.658295171,-0.084805294,urban_pct,hydro_doy
4.82246525,-0.084151602,urban_pct,hydro_doy
4.986635329,-0.084151602,urban_pct,hydro_doy
5.150805408,-0.084151602,urban_pct,hydro_doy
5.314975487,-0.084151602,urban_pct,hydro_doy
5.479145566,-0.084151602,urban_pct,hydro_doy
5.643315645,-0.084151602,urban_pct,hydro_doy
5.807485724,-0.082234033,urban_pct,hydro_doy
5.971655803,-0.082234033,urban_pct,hydro_doy
6.135825882,-0.082234033,urban_pct,hydro_doy
6.299995962,-0.082234033,urban_pct,hydro_doy
6.464166041,-0.082234033,urban_pct,hydro_doy
6.62833612,-0.082234033,urban_pct,hydro_doy
6.792506199,-0.082234033,urban_pct,hydro_doy
6.956676278,-0.082234033,urban_pct,hydro_doy
7.120846357,-0.082234033,urban_pct,hydro_doy
7.285016436,-0.082234033,urban_pct,hydro_doy
7.449186515,-0.082234033,urban_pct,hydro_doy
-1.20512253,-0.106132425,gravel_frac_sub,hydro_doy
-0.753683888,-0.115398523,gravel_frac_sub,hydro_doy
-0.302245245,-0.098254818,gravel_frac_sub,hydro_doy
0.149193398,-0.101419083,gravel_frac_sub,hydro_doy
0.60063204,-0.104538464,gravel_frac_sub,hydro_doy
1.052070683,-0.126614608,gravel_frac_sub,hydro_doy
1.503509325,-0.129162371,gravel_frac_sub,hydro_doy
1.954947968,-0.127160526,gravel_frac_sub,hydro_doy
2.406386611,-0.127160526,gravel_frac_sub,hydro_doy
-1.52309231,-0.095885351,soil_conductivity_top,hydro_doy
-1.440520221,-0.095885351,soil_conductivity_top,hydro_doy
-1.357948133,-0.108650565,soil_conductivity_top,hydro_doy
-1.275376044,-0.108145901,soil_conductivity_top,hydro_doy
-1.192803955,-0.113103169,soil_conductivity_top,hydro_doy
-1.110231867,-0.112163345,soil_conductivity_top,hydro_doy
-1.027659778,-0.124668631,soil_conductivity_top,hydro_doy
-0.945087689,-0.129374945,soil_conductivity_top,hydro_doy
-0.862515601,-0.129958598,soil_conductivity_top,hydro_doy
-0.779943512,-0.129088651,soil_conductivity_top,hydro_doy
-0.697371423,-0.127490304,soil_conductivity_top,hydro_doy
-0.614799335,-0.128377798,soil_conductivity_top,hydro_doy
-0.532227246,-0.129506474,soil_conductivity_top,hydro_doy
-0.449655157,-0.128771836,soil_conductivity_top,hydro_doy
-0.367083069,-0.125760029,soil_conductivity_top,hydro_doy
-0.28451098,-0.121864387,soil_conductivity_top,hydro_doy
-0.201938891,-0.124511882,soil_conductivity_top,hydro_doy
-0.119366803,-0.122164133,soil_conductivity_top,hydro_doy
-0.036794714,-0.10777907,soil_conductivity_top,hydro_doy
0.045777375,-0.109855489,soil_conductivity_top,hydro_doy
0.128349463,-0.109319974,soil_conductivity_top,hydro_doy
0.210921552,-0.108620117,soil_conductivity_top,hydro_doy
0.293493641,-0.108182501,soil_conductivity_top,hydro_doy
0.376065729,-0.10984668,soil_conductivity_top,hydro_doy
0.458637818,-0.111335928,soil_conductivity_top,hydro_doy
0.541209907,-0.110171676,soil_conductivity_top,hydro_doy
0.623781995,-0.110532013,soil_conductivity_top,hydro_doy
0.706354084,-0.11051973,soil_conductivity_top,hydro_doy
0.788926173,-0.111425256,soil_conductivity_top,hydro_doy
0.871498261,-0.111814389,soil_conductivity_top,hydro_doy
0.95407035,-0.111544232,soil_conductivity_top,hydro_doy
1.036642439,-0.111729275,soil_conductivity_top,hydro_doy
1.119214527,-0.110272456,soil_conductivity_top,hydro_doy
1.201786616,-0.114575476,soil_conductivity_top,hydro_doy
1.284358705,-0.112547003,soil_conductivity_top,hydro_doy
1.366930793,-0.087088813,soil_conductivity_top,hydro_doy
1.449502882,-0.086420255,soil_conductivity_top,hydro_doy
1.532074971,-0.085654666,soil_conductivity_top,hydro_doy
1.614647059,-0.085429323,soil_conductivity_top,hydro_doy
1.697219148,-0.086499531,soil_conductivity_top,hydro_doy
1.779791237,-0.086499522,soil_conductivity_top,hydro_doy
1.862363325,-0.087833287,soil_conductivity_top,hydro_doy
1.944935414,-0.088654596,soil_conductivity_top,hydro_doy
2.027507503,-0.089642238,soil_conductivity_top,hydro_doy
2.110079591,-0.089247619,soil_conductivity_top,hydro_doy
2.19265168,-0.089247619,soil_conductivity_top,hydro_doy
2.275223769,-0.088605318,soil_conductivity_top,hydro_doy
2.357795857,-0.088649888,soil_conductivity_top,hydro_doy
2.440367946,-0.090203674,soil_conductivity_top,hydro_doy
2.522940035,-0.090203674,soil_conductivity_top,hydro_doy
2.605512123,-0.097157539,soil_conductivity_top,hydro_doy
-1.043681215,-0.149701038,lai_mean,hydro_doy
-0.963093312,-0.150270228,lai_mean,hydro_doy
-0.882505408,-0.133864018,lai_mean,hydro_doy
-0.801917505,-0.128583683,lai_mean,hydro_doy
-0.721329601,-0.127017819,lai_mean,hydro_doy
-0.640741698,-0.101592475,lai_mean,hydro_doy
-0.560153795,-0.087609622,lai_mean,hydro_doy
-0.479565891,-0.085168136,lai_mean,hydro_doy
-0.398977988,-0.089717669,lai_mean,hydro_doy
-0.318390084,-0.095926319,lai_mean,hydro_doy
-0.237802181,-0.09598562,lai_mean,hydro_doy
-0.157214277,-0.095985612,lai_mean,hydro_doy
-0.076626374,-0.099769067,lai_mean,hydro_doy
0.003961529,-0.103994405,lai_mean,hydro_doy
0.084549433,-0.101922509,lai_mean,hydro_doy
0.165137336,-0.104200104,lai_mean,hydro_doy
0.24572524,-0.103862622,lai_mean,hydro_doy
0.326313143,-0.102915556,lai_mean,hydro_doy
0.406901046,-0.101929224,lai_mean,hydro_doy
0.48748895,-0.102882999,lai_mean,hydro_doy
0.568076853,-0.102917537,lai_mean,hydro_doy
0.648664757,-0.105616758,lai_mean,hydro_doy
0.72925266,-0.108448243,lai_mean,hydro_doy
0.809840564,-0.108743036,lai_mean,hydro_doy
0.890428467,-0.108836404,lai_mean,hydro_doy
0.97101637,-0.108944047,lai_mean,hydro_doy
1.051604274,-0.108978406,lai_mean,hydro_doy
1.132192177,-0.108594721,lai_mean,hydro_doy
1.212780081,-0.107948586,lai_mean,hydro_doy
1.293367984,-0.1113834,lai_mean,hydro_doy
1.373955888,-0.111258891,lai_mean,hydro_doy
1.454543791,-0.10986529,lai_mean,hydro_doy
1.535131694,-0.111098649,lai_mean,hydro_doy
1.615719598,-0.109062477,lai_mean,hydro_doy
1.696307501,-0.108571393,lai_mean,hydro_doy
1.776895405,-0.108446115,lai_mean,hydro_doy
1.857483308,-0.110309936,lai_mean,hydro_doy
1.938071211,-0.112388791,lai_mean,hydro_doy
2.018659115,-0.112672019,lai_mean,hydro_doy
2.099247018,-0.112601382,lai_mean,hydro_doy
2.179834922,-0.112554425,lai_mean,hydro_doy
2.260422825,-0.11106175,lai_mean,hydro_doy
2.341010729,-0.112760653,lai_mean,hydro_doy
2.421598632,-0.111635077,lai_mean,hydro_doy
2.502186535,-0.113861135,lai_mean,hydro_doy
2.582774439,-0.114562936,lai_mean,hydro_doy
2.663362342,-0.114403844,lai_mean,hydro_doy
2.743950246,-0.114716888,lai_mean,hydro_doy
2.824538149,-0.115963556,lai_mean,hydro_doy
2.905126053,-0.117404966,lai_mean,hydro_doy
2.985713956,-0.117404966,lai_mean,hydro_doy
-0.961852831,-0.158662808,p,hydro_doy
-0.873595591,-0.154249958,p,hydro_doy
-0.785338351,-0.115660465,p,hydro_doy
-0.69708111,-0.113083709,p,hydro_doy
-0.60882387,-0.108145821,p,hydro_doy
-0.52056663,-0.095979936,p,hydro_doy
-0.43230939,-0.086358482,p,hydro_doy
-0.344052149,-0.08376249,p,hydro_doy
-0.255794909,-0.085688619,p,hydro_doy
-0.167537669,-0.091700082,p,hydro_doy
-0.079280428,-0.105719399,p,hydro_doy
0.008976812,-0.106353947,p,hydro_doy
0.097234052,-0.113641555,p,hydro_doy
0.185491292,-0.112834215,p,hydro_doy
0.273748533,-0.11484227,p,hydro_doy
0.362005773,-0.11473537,p,hydro_doy
0.450263013,-0.114847039,p,hydro_doy
0.538520253,-0.115871614,p,hydro_doy
0.626777494,-0.116117446,p,hydro_doy
0.715034734,-0.11614108,p,hydro_doy
0.803291974,-0.116720856,p,hydro_doy
0.891549215,-0.118440476,p,hydro_doy
0.979806455,-0.128459707,p,hydro_doy
1.068063695,-0.131809111,p,hydro_doy
1.156320935,-0.131944063,p,hydro_doy
1.244578176,-0.132042635,p,hydro_doy
1.332835416,-0.134760464,p,hydro_doy
1.421092656,-0.133743995,p,hydro_doy
1.509349897,-0.133871853,p,hydro_doy
1.597607137,-0.132047149,p,hydro_doy
1.685864377,-0.131425404,p,hydro_doy
1.774121617,-0.130871193,p,hydro_doy
1.862378858,-0.130239386,p,hydro_doy
1.950636098,-0.130330766,p,hydro_doy
2.038893338,-0.13028009,p,hydro_doy
2.127150578,-0.130028816,p,hydro_doy
2.215407819,-0.128941387,p,hydro_doy
2.303665059,-0.129242105,p,hydro_doy
2.391922299,-0.128198069,p,hydro_doy
2.48017954,-0.128198069,p,hydro_doy
2.56843678,-0.128198069,p,hydro_doy
2.65669402,-0.127353882,p,hydro_doy
2.74495126,-0.126998717,p,hydro_doy
2.833208501,-0.126998717,p,hydro_doy
2.921465741,-0.126950392,p,hydro_doy
3.009722981,-0.127585037,p,hydro_doy
3.097980221,-0.127850267,p,hydro_doy
3.186237462,-0.127585327,p,hydro_doy
3.274494702,-0.127391194,p,hydro_doy
3.362751942,-0.126576163,p,hydro_doy
3.451009183,-0.126576163,p,hydro_doy
-2.950369453,-0.113263873,tmax_djf,hydro_doy
-2.859549788,-0.113263873,tmax_djf,hydro_doy
-2.768730122,-0.113263873,tmax_djf,hydro_doy
-2.677910457,-0.110854299,tmax_djf,hydro_doy
-2.587090792,-0.110757316,tmax_djf,hydro_doy
-2.496271127,-0.110417959,tmax_djf,hydro_doy
-2.405451462,-0.110275898,tmax_djf,hydro_doy
-2.314631796,-0.113339866,tmax_djf,hydro_doy
-2.223812131,-0.114046052,tmax_djf,hydro_doy
-2.132992466,-0.111903837,tmax_djf,hydro_doy
-2.042172801,-0.109767735,tmax_djf,hydro_doy
-1.951353135,-0.107548576,tmax_djf,hydro_doy
-1.86053347,-0.109239759,tmax_djf,hydro_doy
-1.769713805,-0.107052928,tmax_djf,hydro_doy
-1.67889414,-0.103844486,tmax_djf,hydro_doy
-1.588074475,-0.103786098,tmax_djf,hydro_doy
-1.497254809,-0.102111968,tmax_djf,hydro_doy
-1.406435144,-0.102804226,tmax_djf,hydro_doy
-1.315615479,-0.103256005,tmax_djf,hydro_doy
-1.224795814,-0.103319598,tmax_djf,hydro_doy
-1.133976148,-0.108661098,tmax_djf,hydro_doy
-1.043156483,-0.115041728,tmax_djf,hydro_doy
-0.952336818,-0.115523575,tmax_djf,hydro_doy
-0.861517153,-0.118387088,tmax_djf,hydro_doy
-0.770697488,-0.116353636,tmax_djf,hydro_doy
-0.679877822,-0.104648323,tmax_djf,hydro_doy
-0.589058157,-0.102292302,tmax_djf,hydro_doy
-0.498238492,-0.103407231,tmax_djf,hydro_doy
-0.407418827,-0.104889341,tmax_djf,hydro_doy
-0.316599162,-0.10323499,tmax_djf,hydro_doy
-0.225779496,-0.104702833,tmax_djf,hydro_doy
-0.134959831,-0.103438158,tmax_djf,hydro_doy
-0.044140166,-0.106475312,tmax_djf,hydro_doy
0.046679499,-0.107805891,tmax_djf,hydro_doy
0.137499165,-0.110214685,tmax_djf,hydro_doy
0.22831883,-0.109927618,tmax_djf,hydro_doy
0.319138495,-0.111394718,tmax_djf,hydro_doy
0.40995816,-0.112731984,tmax_djf,hydro_doy
0.500777825,-0.110507623,tmax_djf,hydro_doy
0.591597491,-0.109954724,tmax_djf,hydro_doy
0.682417156,-0.112679911,tmax_djf,hydro_doy
0.773236821,-0.128900566,tmax_djf,hydro_doy
0.864056486,-0.12896484,tmax_djf,hydro_doy
0.954876151,-0.130204856,tmax_djf,hydro_doy
1.045695817,-0.132076576,tmax_djf,hydro_doy
1.136515482,-0.13473298,tmax_djf,hydro_doy
1.227335147,-0.133495956,tmax_djf,hydro_doy
1.318154812,-0.136231939,tmax_djf,hydro_doy
1.408974478,-0.138370017,tmax_djf,hydro_doy
1.499794143,-0.138419197,tmax_djf,hydro_doy
1.590613808,-0.137201586,tmax_djf,hydro_doy
-2.535616536,-0.127859109,wind_v.m.s.,hydro_doy
-2.405606649,-0.127989796,wind_v.m.s.,hydro_doy
-2.275596762,-0.122984096,wind_v.m.s.,hydro_doy
-2.145586874,-0.12097122,wind_v.m.s.,hydro_doy
-2.015576987,-0.118212349,wind_v.m.s.,hydro_doy
-1.8855671,-0.116601931,wind_v.m.s.,hydro_doy
-1.755557212,-0.115727471,wind_v.m.s.,hydro_doy
-1.625547325,-0.117871296,wind_v.m.s.,hydro_doy
-1.495537438,-0.118316696,wind_v.m.s.,hydro_doy
-1.36552755,-0.119803279,wind_v.m.s.,hydro_doy
-1.235517663,-0.119154043,wind_v.m.s.,hydro_doy
-1.105507776,-0.123339188,wind_v.m.s.,hydro_doy
-0.975497888,-0.118803273,wind_v.m.s.,hydro_doy
-0.845488001,-0.114585891,wind_v.m.s.,hydro_doy
-0.715478114,-0.11148446,wind_v.m.s.,hydro_doy
-0.585468226,-0.119403199,wind_v.m.s.,hydro_doy
-0.455458339,-0.122579441,wind_v.m.s.,hydro_doy
-0.325448452,-0.12213322,wind_v.m.s.,hydro_doy
-0.195438564,-0.127569077,wind_v.m.s.,hydro_doy
-0.065428677,-0.127821057,wind_v.m.s.,hydro_doy
0.064581211,-0.126116688,wind_v.m.s.,hydro_doy
0.194591098,-0.119888822,wind_v.m.s.,hydro_doy
0.324600985,-0.117099475,wind_v.m.s.,hydro_doy
0.454610873,-0.109368242,wind_v.m.s.,hydro_doy
0.58462076,-0.105424223,wind_v.m.s.,hydro_doy
0.714630647,-0.105839313,wind_v.m.s.,hydro_doy
0.844640535,-0.107853477,wind_v.m.s.,hydro_doy
0.974650422,-0.109979704,wind_v.m.s.,hydro_doy
1.104660309,-0.105142024,wind_v.m.s.,hydro_doy
1.234670197,-0.104019097,wind_v.m.s.,hydro_doy
1.364680084,-0.104745055,wind_v.m.s.,hydro_doy
1.494689971,-0.111340772,wind_v.m.s.,hydro_doy
1.624699859,-0.110430477,wind_v.m.s.,hydro_doy
1.754709746,-0.110240071,wind_v.m.s.,hydro_doy
1.884719633,-0.111310512,wind_v.m.s.,hydro_doy
2.014729521,-0.11128371,wind_v.m.s.,hydro_doy
2.144739408,-0.112579354,wind_v.m.s.,hydro_doy
2.274749295,-0.112392788,wind_v.m.s.,hydro_doy
2.404759183,-0.112315135,wind_v.m.s.,hydro_doy
2.53476907,-0.111997516,wind_v.m.s.,hydro_doy
2.664778957,-0.110732385,wind_v.m.s.,hydro_doy
2.794788845,-0.108991441,wind_v.m.s.,hydro_doy
2.924798732,-0.108991441,wind_v.m.s.,hydro_doy
3.054808619,-0.108695664,wind_v.m.s.,hydro_doy
3.184818507,-0.097925198,wind_v.m.s.,hydro_doy
3.314828394,-0.097925198,wind_v.m.s.,hydro_doy
3.444838281,-0.097925198,wind_v.m.s.,hydro_doy
3.574848169,-0.097925198,wind_v.m.s.,hydro_doy
3.704858056,-0.097925198,wind_v.m.s.,hydro_doy
3.834867944,-0.097925198,wind_v.m.s.,hydro_doy
3.964877831,-0.097925198,wind_v.m.s.,hydro_doy
-0.955828438,-0.111245175,gravel_frac_top,hydro_doy
-0.553350584,-0.115412238,gravel_frac_top,hydro_doy
-0.150872731,-0.100680162,gravel_frac_top,hydro_doy
0.251605123,-0.10371599,gravel_frac_top,hydro_doy
0.654082976,-0.102395038,gravel_frac_top,hydro_doy
1.05656083,-0.102020605,gravel_frac_top,hydro_doy
1.459038683,-0.105416127,gravel_frac_top,hydro_doy
1.861516537,-0.129705965,gravel_frac_top,hydro_doy
2.26399439,-0.129705965,gravel_frac_top,hydro_doy
