gauge_id,CWC_RIVER,AI,region
3008,Godavari,0.602100015,Dry_sub_humid
3009,Godavari,0.501999974,Dry_sub_humid
3013,Godavari,0.566500008,Dry_sub_humid
3019,Godavari,0.517799973,Dry_sub_humid
3024,Godavari,0.501100004,Dry_sub_humid
3028,Godavari,0.608500004,Dry_sub_humid
3030,Godavari,0.527700007,Dry_sub_humid
3038,Godavari,0.524100006,Dry_sub_humid
3055,Godavari,0.557099998,Dry_sub_humid
3056,Godavari,0.500199974,Dry_sub_humid
3064,Godavari,0.637899995,Dry_sub_humid
3073,Godavari,0.632000029,Dry_sub_humid
3074,Godavari,0.585099995,Dry_sub_humid
3083,Godavari,0.553200006,Dry_sub_humid
3087,Godavari,0.617600024,Dry_sub_humid
3094,Godavari,0.622099996,Dry_sub_humid
3098,Godavari,0.572399974,Dry_sub_humid
4028,Krishna,0.531700015,Dry_sub_humid
4050,Tungabhadra,0.595799983,Dry_sub_humid
4060,Krishna,0.500699997,Dry_sub_humid
5015,Cauvery,0.519999981,Dry_sub_humid
5024,Cauvery,0.628099978,Dry_sub_humid
12006,Narmada,0.643899977,Dry_sub_humid
12020,Narmada,0.57249999,Dry_sub_humid
12025,Narmada,0.579699993,Dry_sub_humid
13006,Tapi,0.558099985,Dry_sub_humid
13007,Tapi,0.627499998,Dry_sub_humid
16001,Sarada,0.628099978,Dry_sub_humid
16014,Nagavali,0.594200015,Dry_sub_humid
17009,Vellar,0.610800028,Dry_sub_humid
17012,Swarnamukhi,0.552699983,Dry_sub_humid
17022,Ponnaiyar,0.521499991,Dry_sub_humid
17024,Ponnaiyar,0.562600017,Dry_sub_humid
3002,Godavari,0.850600004,Humid
3005,Godavari,0.715699971,Humid
3017,Godavari,0.862800002,Humid
3018,Godavari,0.844299972,Humid
3031,Godavari,0.876299977,Humid
3040,Godavari,0.75819999,Humid
3043,Godavari,0.761300027,Humid
3045,Godavari,0.800400019,Humid
3047,Godavari,0.9005,Humid
3048,Godavari,0.891300023,Humid
3057,Godavari,0.995800018,Humid
3068,Godavari,0.92750001,Humid
3071,Godavari,0.825500011,Humid
3072,Godavari,0.7852,Humid
3075,Godavari,0.719099998,Humid
3076,Godavari,0.905099988,Humid
3081,Godavari,0.907100022,Humid
3082,Godavari,0.716499984,Humid
3089,Godavari,0.841799974,Humid
3092,Godavari,0.912199974,Humid
3099,Godavari,0.856000006,Humid
3103,Godavari,0.698000014,Humid
3105,Godavari,0.850899994,Humid
3107,Godavari,0.853900015,Humid
5010,Cauvery,0.916299999,Humid
5013,Cauvery,1.755399942,Humid
5017,Cauvery,1.716799974,Humid
6001,Subarnarekha,0.806900024,Humid
6006,Subarnarekha,0.807600021,Humid
6007,Burhabalang,1.034100056,Humid
6008,Subarnarekha,0.794099987,Humid
7001,Brahmani,0.869400024,Humid
7002,Baitarni,0.968100011,Humid
7005,Baitarni,0.906099975,Humid
7007,Brahmani,0.872399986,Humid
7008,Brahmani,0.861400008,Humid
7009,Brahmani,0.967700005,Humid
7011,Brahmani,0.854300022,Humid
7014,Brahmani,0.795300007,Humid
7015,Brahmani,0.895099998,Humid
8001,Mahanadi,0.676999986,Humid
8003,Mahanadi,0.774299979,Humid
8005,Mahanadi,0.76819998,Humid
8006,Mahanadi,0.727500021,Humid
8009,Mahanadi,0.757499993,Humid
8011,Mahanadi,0.725499988,Humid
8013,Mahanadi,0.800400019,Humid
8016,Mahanadi,0.787,Humid
8020,Mahanadi,0.732599974,Humid
8021,Mahanadi,0.777700007,Humid
8023,Mahanadi,0.749199986,Humid
8028,Mahanadi,0.76700002,Humid
8029,Mahanadi,0.769800007,Humid
8030,Mahanadi,0.709999979,Humid
8031,Mahanadi,0.796000004,Humid
8034,Mahanadi,0.71390003,Humid
8035,Mahanadi,0.714699984,Humid
8036,Mahanadi,0.846400023,Humid
8038,Mahanadi,0.838699996,Humid
12004,Narmada,0.666000009,Humid
12012,Narmada,0.654699981,Humid
12016,Narmada,0.817300022,Humid
12018,Narmada,0.693099976,Humid
12026,Narmada,0.678200006,Humid
12036,Narmada,0.891600013,Humid
12038,Narmada,0.887600005,Humid
12043,Narmada,0.690699995,Humid
12046,Narmada,0.72420001,Humid
14001,Ulhas,1.798599958,Humid
14003,Vaitarna,1.398900032,Humid
14004,Ambika,0.921700001,Humid
14005,Mandovi,1.778499961,Humid
14008,Purna,0.912100017,Humid
14009,Savitri,2.308300018,Humid
14012,Damanganga,1.516800046,Humid
14014,Wagh,1.557800055,Humid
15001,Gurupur,1.890300035,Humid
15003,Bharathapuzha,0.713,Humid
15005,Periyar,1.915199995,Humid
15006,Seetha,3.182600021,Humid
15007,Vamanapuram,1.244199991,Humid
15008,Nethravathi,2.124300003,Humid
15009,Payaswani,2.513000011,Humid
15010,Halady,3.120800018,Humid
15011,Muvattupuzha,1.961899996,Humid
15012,Pampa,1.829599977,Humid
15013,Kadalundi,1.800999999,Humid
15014,Meenachil,1.912700057,Humid
15016,Bharathapuzha,1.747599959,Humid
15017,Chaliyar,1.872099996,Humid
15018,Thambraparni,0.807200015,Humid
15019,Pampa,1.791900039,Humid
15020,Bharathapuzha,1.538100004,Humid
15021,Periyar,1.909600019,Humid
15022,Kallada,1.596600056,Humid
15023,Valapatnam,2.656300068,Humid
15024,Bharathapuzha,1.689399958,Humid
15026,Muvattupuzha,1.937100053,Humid
15030,Pamba,1.714400053,Humid
15031,Periyar,1.467800021,Humid
15032,Swarna,2.900899887,Humid
16004,Vamsadhara,0.83039999,Humid
16007,Vamsadhara,0.811200023,Humid
16012,Rushikulya,0.828700006,Humid
3014,Godavari,0.461499989,Semi_arid
3020,Godavari,0.415100008,Semi_arid
3029,Godavari,0.444099993,Semi_arid
3079,Godavari,0.475899994,Semi_arid
3109,Godavari,0.492399991,Semi_arid
4003,Krishna,0.368000001,Semi_arid
4004,Krishna,0.328200012,Semi_arid
4005,Krishna,0.386299998,Semi_arid
4006,Krishna,0.341100007,Semi_arid
4007,Krishna,0.391400009,Semi_arid
4012,Krishna,0.367799997,Semi_arid
4013,Krishna,0.379299998,Semi_arid
4015,Krishna,0.469000012,Semi_arid
4016,Krishna,0.409399986,Semi_arid
4017,Krishna,0.316599995,Semi_arid
4018,Krishna,0.437700003,Semi_arid
4019,Krishna,0.362899989,Semi_arid
4021,Krishna,0.434500009,Semi_arid
4022,Krishna,0.476999998,Semi_arid
4023,Krishna Tungabhadra,0.283300012,Semi_arid
4024,Krishna,0.360399991,Semi_arid
4025,Krishna Tungabhadra,0.412699997,Semi_arid
4026,Krishna,0.3838,Semi_arid
4030,Krishna,0.42809999,Semi_arid
4031,Krishna,0.320899993,Semi_arid
4038,Krishna,0.297899991,Semi_arid
4039,Krishna,0.370000005,Semi_arid
4040,Krishna,0.307500005,Semi_arid
4041,Krishna,0.491600007,Semi_arid
4044,Krishna,0.316300005,Semi_arid
4047,Krishna,0.426099986,Semi_arid
4048,Krishna,0.37650001,Semi_arid
4049,Krishna,0.292800009,Semi_arid
4051,Krishna,0.353899986,Semi_arid
4054,Krishna,0.339100003,Semi_arid
4055,Krishna,0.339399993,Semi_arid
4056,Krishna,0.3935,Semi_arid
4057,Krishna,0.326299995,Semi_arid
4061,Krishna,0.343100011,Semi_arid
4062,Krishna,0.452600002,Semi_arid
4063,Krishna,0.477499992,Semi_arid
4064,Krishna,0.360300004,Semi_arid
5001,Hemavati,0.382800013,Semi_arid
5002,Cauvery,0.465200007,Semi_arid
5004,Cauvery,0.304100007,Semi_arid
5005,Cauvery,0.46360001,Semi_arid
5007,Cauvery,0.494700015,Semi_arid
5008,Cauvery,0.336400002,Semi_arid
5012,Cauvery,0.389699996,Semi_arid
5014,Cauvery,0.307000011,Semi_arid
5018,Cauvery,0.393400013,Semi_arid
5021,Cauvery,0.430500001,Semi_arid
5022,Cauvery,0.457300007,Semi_arid
5023,Cauvery,0.398600012,Semi_arid
5025,Cauvery,0.476399988,Semi_arid
5027,Cauvery,0.413500011,Semi_arid
5028,Cauvery,0.412200004,Semi_arid
5029,Cauvery,0.393599987,Semi_arid
9001,Pennar,0.345499992,Semi_arid
9002,Pennar,0.358799994,Semi_arid
9005,Pennar,0.341199994,Semi_arid
9008,Pennar,0.377600014,Semi_arid
9011,Pennar,0.2588,Semi_arid
9012,Pennar,0.25060001,Semi_arid
10004,Mahi,0.470699996,Semi_arid
10005,Mahi,0.362599999,Semi_arid
10008,Mahi,0.441399992,Semi_arid
10010,Mahi,0.495200008,Semi_arid
10011,Mahi,0.3389,Semi_arid
10013,Dhadhar (Independent river),0.427599996,Semi_arid
10014,Mahi,0.33070001,Semi_arid
11001,Sabarmati,0.340299994,Semi_arid
11005,Sabarmati,0.403899997,Semi_arid
11006,Sabarmati,0.402999997,Semi_arid
11007,Sabarmati,0.41960001,Semi_arid
11010,Sabarmati,0.386099994,Semi_arid
12015,Narmada,0.356400013,Semi_arid
12029,Narmada,0.40169999,Semi_arid
12035,Narmada,0.399699986,Semi_arid
12044,Narmada,0.343800008,Semi_arid
13004,Tapi,0.399599999,Semi_arid
13010,Tapi,0.349299997,Semi_arid
13016,Tapi,0.336899996,Semi_arid
13017,Tapi,0.368900001,Semi_arid
13025,Tapi,0.354999989,Semi_arid
17001,Vaigai,0.410600007,Semi_arid
17003,Palar,0.425099999,Semi_arid
17006,Ponnaiyar,0.428200006,Semi_arid
17007,VVaigai,0.381599993,Semi_arid
17011,Tambraparni,0.380100012,Semi_arid
17015,Vaigai,0.435600013,Semi_arid
17019,Vaigai,0.409399986,Semi_arid
